run_timestamp,bug,dataset,stage,input_type,duration_s,gpu_energy_j,codecarbon_energy_kwh,codecarbon_co2_kg
2026-07-24T16:21:55,Closure-95,Defects4J,SR,bug_report,3329.822,338642.732,0.06125,0.028456
2026-07-24T16:21:55,Closure-133,Defects4J,SR,bug_report,3434.148,380239.753,0.179929,0.083593
2026-08-05T14:51:32,Chart-1,Defects4J,SR,bug_report,4045.065,86807.327,0.075659,0.03515
2026-08-05T14:51:32,Chart-11,Defects4J,SR,bug_report,3118.739,67079.312,0.439533,0.204201
2026-08-05T14:51:32,Chart-12,Defects4J,SR,bug_report,3554.46,76142.354,0.497813,0.231277
2026-08-05T14:51:32,Chart-16,Defects4J,SR,bug_report,3780.393,81154.977,0.533149,0.247693
2026-08-05T14:51:32,Chart-17,Defects4J,SR,bug_report,3514.883,75241.787,0.495706,0.230298
2026-08-05T14:51:32,Chart-2,Defects4J,SR,bug_report,1955.783,41932.942,0.275418,0.127955
2026-08-05T14:51:32,Chart-5,Defects4J,SR,bug_report,4528.156,97484.664,0.640489,0.297562
2026-08-06T10:06:42,Chart-9,Defects4J,SR,bug_report,3522.704,335860.67,0.067658,0.031433
2026-08-06T10:06:42,Cli-1,Defects4J,SR,bug_report,2930.915,344489.086,0.492902,0.228995
2026-08-06T10:06:42,Cli-10,Defects4J,SR,bug_report,3546.683,417295.339,0.595925,0.276858
2026-08-06T10:06:42,Cli-11,Defects4J,SR,bug_report,4994.646,587839.189,0.839225,0.389892
2026-08-06T10:06:42,Cli-12,Defects4J,SR,bug_report,4990.191,584637.466,0.837181,0.388943
2026-08-06T10:06:42,Cli-13,Defects4J,SR,bug_report,3517.466,413037.427,0.587347,0.272873
2026-08-06T10:06:42,Cli-14,Defects4J,SR,bug_report,4621.041,543414.112,0.779957,0.362357
2026-08-06T10:06:42,Cli-15,Defects4J,SR,bug_report,4995.179,583734.648,0.833602,0.38728
2026-08-06T10:06:42,Cli-16,Defects4J,SR,bug_report,3580.393,419442.031,0.600812,0.279129
2026-08-06T10:06:42,Cli-17,Defects4J,SR,bug_report,3358.15,393844.497,0.568017,0.263893
2026-08-06T10:06:42,Cli-18,Defects4J,SR,bug_report,2583.091,302141.121,0.43315,0.201235
2026-08-07T10:32:51,Cli-19,Defects4J,SR,bug_report,2345.313,50936.182,0.043895,0.020393
2026-08-07T10:32:51,Cli-2,Defects4J,SR,bug_report,2865.479,60226.099,0.40059,0.186109
2026-08-07T10:32:51,Cli-20,Defects4J,SR,bug_report,4046.832,87252.728,0.568844,0.264277
2026-08-07T10:32:51,Cli-21,Defects4J,SR,bug_report,4021.319,236700.838,0.622439,0.289176
2026-08-07T10:32:51,Cli-22,Defects4J,SR,bug_report,4610.615,128493.317,0.658124,0.305755
2026-08-07T10:32:51,Cli-23,Defects4J,SR,bug_report,2516.785,73860.682,0.359065,0.166817
2026-08-07T10:32:51,Cli-24,Defects4J,SR,bug_report,2527.905,73638.684,0.357003,0.165859
2026-08-07T10:32:51,Cli-25,Defects4J,SR,bug_report,2518.467,74177.18,0.359126,0.166845
2026-08-07T10:32:51,Cli-26,Defects4J,SR,bug_report,3443.468,100615.974,0.48973,0.227522
2026-08-07T10:32:51,Cli-27,Defects4J,SR,bug_report,2134.317,62674.59,0.304828,0.141619
2026-08-07T10:32:51,Cli-28,Defects4J,SR,bug_report,4135.474,121008.546,0.588911,0.2736
2026-08-07T10:32:51,Cli-29,Defects4J,SR,bug_report,4753.605,138723.28,0.684563,0.318039
2026-08-08T08:46:01,Cli-3,Defects4J,SR,bug_report,4557.497,343963.327,0.085337,0.039647
2026-08-08T08:46:01,Cli-30,Defects4J,SR,bug_report,3526.109,75440.308,0.493085,0.22908
2026-08-08T08:46:01,Cli-31,Defects4J,SR,bug_report,2360.616,50657.006,0.331865,0.15418
2026-08-08T08:46:01,Cli-32,Defects4J,SR,bug_report,2653.155,56720.454,0.374184,0.17384
2026-08-08T08:46:01,Cli-33,Defects4J,SR,bug_report,2672.697,56540.725,0.377591,0.175424
2026-08-08T08:46:01,Cli-34,Defects4J,SR,bug_report,3039.594,64186.473,0.426123,0.197971
2026-08-08T08:46:01,Cli-35,Defects4J,SR,bug_report,3967.53,82841.198,0.551764,0.256342
2026-08-08T08:46:01,Cli-36,Defects4J,SR,bug_report,2233.022,47760.178,0.312308,0.145094
2026-08-08T08:46:01,Cli-37,Defects4J,SR,bug_report,3378.174,73075.591,0.474522,0.220456
2026-08-08T08:46:01,Cli-38,Defects4J,SR,bug_report,3384.351,72927.181,0.480327,0.223153
2026-08-08T08:46:01,Cli-39,Defects4J,SR,bug_report,3797.38,80959.766,0.535911,0.248977
2026-08-08T08:46:01,Cli-4,Defects4J,SR,bug_report,4528.167,94762.553,0.635377,0.295187
2026-08-08T08:46:01,Cli-40,Defects4J,SR,bug_report,3042.032,65268.867,0.431436,0.200439
2026-08-09T06:14:05,Cli-5,Defects4J,SR,bug_report,3558.992,1448388.082,0.067023,0.031138
2026-08-09T06:14:05,Cli-7,Defects4J,SR,bug_report,3125.838,1291054.824,0.427693,0.1987
2026-08-09T06:14:05,Cli-8,Defects4J,SR,bug_report,3193.048,1311369.629,0.434515,0.20187
2026-08-09T06:14:05,Cli-9,Defects4J,SR,bug_report,3092.418,1256444.38,0.417069,0.193765
2026-08-09T06:14:05,Closure-1,Defects4J,SR,bug_report,3467.592,1438035.594,0.475652,0.220981
2026-08-09T06:14:05,Closure-10,Defects4J,SR,bug_report,3509.544,1446441.003,0.478474,0.222292
2026-08-09T06:14:05,Closure-100,Defects4J,SR,bug_report,6470.242,2558310.789,0.853737,0.396634
2026-08-09T06:14:05,Closure-101,Defects4J,SR,bug_report,6510.058,2391249.261,0.817569,0.379831
2026-08-09T06:14:05,Closure-102,Defects4J,SR,bug_report,7448.331,3048776.497,1.010554,0.469489
2026-08-10T05:08:42,Closure-103,Defects4J,SR,bug_report,7880.205,3230241.592,0.148278,0.068888
2026-08-10T05:08:42,Closure-104,Defects4J,SR,bug_report,7651.522,1564398.618,0.591067,0.274601
2026-08-10T05:08:42,Closure-105,Defects4J,SR,bug_report,9039.231,1502490.176,0.599494,0.278516
2026-08-10T05:08:42,Closure-106,Defects4J,SR,bug_report,2978.88,1216030.744,0.403558,0.187487
2026-08-10T05:08:42,Closure-107,Defects4J,SR,bug_report,3547.766,1414409.49,0.471129,0.21888
2026-08-10T05:08:42,Closure-108,Defects4J,SR,bug_report,3570.299,1406154.107,0.469382,0.218068
2026-08-10T05:08:42,Closure-109,Defects4J,SR,bug_report,3564.236,1415988.907,0.472195,0.219375
2026-08-10T05:08:42,Closure-11,Defects4J,SR,bug_report,3460.996,1372336.197,0.457756,0.212667
2026-08-10T18:07:47,Closure-110,Defects4J,SR,bug_report,3559.705,1412378.564,0.067439,0.031331
2026-08-10T18:07:47,Closure-111,Defects4J,SR,bug_report,3465.015,1383578.581,0.460931,0.214142
2026-08-10T18:07:47,Closure-112,Defects4J,SR,bug_report,3490.01,1375033.229,0.458958,0.213225
2026-08-10T18:07:47,Closure-113,Defects4J,SR,bug_report,3474.868,1379518.035,0.46,0.21371
2026-08-10T18:07:47,Closure-114,Defects4J,SR,bug_report,3457.017,1373656.699,0.4581,0.212827
2026-08-10T18:07:47,Closure-115,Defects4J,SR,bug_report,3455.191,1383087.547,0.460225,0.213814
2026-08-10T18:07:47,Closure-116,Defects4J,SR,bug_report,3509.534,1436193.391,0.475468,0.220896
2026-08-10T18:07:47,Closure-117,Defects4J,SR,bug_report,3482.212,1443121.268,0.476898,0.22156
2026-08-10T18:07:47,Closure-118,Defects4J,SR,bug_report,3497.393,1439714.616,0.476298,0.221281
2026-08-10T18:07:47,Closure-119,Defects4J,SR,bug_report,3510.779,1448710.556,0.479283,0.222668
2026-08-10T18:07:47,Closure-12,Defects4J,SR,bug_report,3491.686,1433447.31,0.474601,0.220493
2026-08-10T18:07:47,Closure-120,Defects4J,SR,bug_report,3518.014,1458851.339,0.482296,0.224068
2026-08-11T07:42:52,Closure-121,Defects4J,SR,bug_report,3480.799,1449319.168,0.06547,0.030416
2026-08-11T07:42:52,Closure-122,Defects4J,SR,bug_report,3497.38,1447578.347,0.479042,0.222556
2026-08-11T07:42:52,Closure-123,Defects4J,SR,bug_report,3508.649,1443483.526,0.477847,0.222001
2026-08-11T07:42:52,Closure-124,Defects4J,SR,bug_report,3502.847,1436295.092,0.475784,0.221043
2026-08-11T07:42:52,Closure-125,Defects4J,SR,bug_report,3507.474,1459727.28,0.482768,0.224287
2026-08-11T07:42:52,Closure-126,Defects4J,SR,bug_report,3669.726,1263551.211,0.439839,0.204343
2026-08-11T07:42:52,Closure-127,Defects4J,SR,bug_report,3881.154,1592268.757,0.54003,0.250891
2026-08-11T07:42:52,Closure-128,Defects4J,SR,bug_report,3495.251,1449680.994,0.479261,0.222658
2026-08-11T07:42:52,Closure-129,Defects4J,SR,bug_report,3530.684,1455728.958,0.481807,0.223841
2026-08-11T07:42:52,Closure-13,Defects4J,SR,bug_report,3485.931,1442599.442,0.477118,0.221662
2026-08-11T07:42:52,Closure-130,Defects4J,SR,bug_report,3536.205,1445330.333,0.478878,0.22248
2026-08-11T07:42:52,Closure-131,Defects4J,SR,bug_report,3481.67,1435891.809,0.47553,0.220925
2026-08-11T21:24:33,Closure-132,Defects4J,SR,bug_report,3507.342,1427218.357,0.06606,0.030691
2026-08-11T21:24:33,Closure-134,Defects4J,SR,bug_report,14064.115,5757136.807,1.907876,0.886373
2026-08-11T21:24:33,Closure-135,Defects4J,SR,bug_report,9830.319,4049919.188,1.341333,0.623165
2026-08-11T21:24:33,Closure-136,Defects4J,SR,bug_report,6338.623,2600506.684,0.861667,0.400318
2026-08-11T21:24:33,Closure-137,Defects4J,SR,bug_report,6348.566,2615072.643,0.86624,0.402443
2026-08-12T11:50:57,Closure-138,Defects4J,SR,bug_report,6802.131,2629009.351,0.153544,0.071334
2026-08-12T11:50:57,Closure-139,Defects4J,SR,bug_report,6338.191,2614692.615,0.865115,0.40192
2026-08-12T11:50:57,Closure-14,Defects4J,SR,bug_report,3500.033,1421963.516,0.471269,0.218945
2026-08-12T11:50:57,Closure-140,Defects4J,SR,bug_report,6356.905,2621310.852,0.867445,0.403003
2026-08-12T11:50:57,Closure-141,Defects4J,SR,bug_report,6367.149,2621034.745,0.867714,0.403128
2026-08-12T11:50:57,Closure-142,Defects4J,SR,bug_report,6362.307,2627532.184,0.869226,0.40383
2026-08-12T11:50:57,Closure-143,Defects4J,SR,bug_report,6365.195,2601850.842,0.861875,0.400415
2026-08-13T05:50:09,Closure-144,Defects4J,SR,bug_report,6500.293,2682088.716,0.122307,0.056822
2026-08-13T05:50:09,Closure-145,Defects4J,SR,bug_report,6494.386,2657109.712,0.879884,0.408782
2026-08-13T05:50:09,Closure-146,Defects4J,SR,bug_report,6517.016,2657178.813,0.880858,0.409234
2026-08-14T06:20:16,Closure-147,Defects4J,SR,bug_report,2405.311,60166.005,0.074572,0.034645
2026-08-14T06:20:16,Closure-148,Defects4J,SR,bug_report,2414.458,60225.847,0.147151,0.068364
2026-08-14T06:20:16,Closure-149,Defects4J,SR,bug_report,2258.478,56165.977,0.137368,0.063819
2026-08-14T06:20:16,Closure-15,Defects4J,SR,bug_report,1707.251,42236.84,0.105221,0.048884
2026-08-14T06:20:16,Closure-150,Defects4J,SR,bug_report,2239.255,55655.811,0.136107,0.063233
2026-08-14T06:20:16,Closure-151,Defects4J,SR,bug_report,2297.962,57064.313,0.139868,0.064981
2026-08-14T06:20:16,Closure-152,Defects4J,SR,bug_report,2302.965,57536.879,0.140133,0.065104
2026-08-15T05:31:52,Closure-153,Defects4J,SR,bug_report,2296.572,57112.548,0.070894,0.032936
2026-08-15T05:31:52,Closure-154,Defects4J,SR,bug_report,2426.684,60477.961,0.105523,0.049025
2026-08-15T05:31:52,Closure-155,Defects4J,SR,bug_report,1936.988,48258.671,0.083224,0.038665
2026-08-15T05:31:52,Closure-156,Defects4J,SR,bug_report,2269.612,56521.342,0.098369,0.045701
2026-08-15T05:31:52,Closure-157,Defects4J,SR,bug_report,2158.124,54026.706,0.093165,0.043283
2026-08-15T05:31:52,Closure-158,Defects4J,SR,bug_report,2156.657,53929.539,0.093051,0.04323
2026-08-15T05:31:52,Closure-159,Defects4J,SR,bug_report,2353.966,58302.142,0.101867,0.047326
2026-08-15T05:31:52,Closure-16,Defects4J,SR,bug_report,1705.038,42408.691,0.074861,0.034779
2026-08-16T05:28:13,Closure-160,Defects4J,SR,bug_report,2391.578,59404.217,0.074085,0.034419
2026-08-16T05:28:13,Closure-161,Defects4J,SR,bug_report,2197.948,54162.391,0.094298,0.04381
2026-08-16T05:28:13,Closure-162,Defects4J,SR,bug_report,2206.519,54994.219,0.094698,0.043995
2026-08-16T05:28:13,Closure-163,Defects4J,SR,bug_report,1338.07,33512.071,0.058336,0.027102
2026-08-16T05:28:13,Closure-164,Defects4J,SR,bug_report,1351.985,33362.348,0.058622,0.027235
2026-08-16T05:28:13,Closure-165,Defects4J,SR,bug_report,1714.979,42712.71,0.075131,0.034905
2026-08-16T05:28:13,Closure-166,Defects4J,SR,bug_report,1719.736,42760.656,0.075473,0.035064
2026-08-16T05:28:13,Closure-167,Defects4J,SR,bug_report,1720.474,42818.066,0.075435,0.035046
2026-08-16T05:28:13,Closure-168,Defects4J,SR,bug_report,1727.255,42715.317,0.075517,0.035084
2026-08-16T05:28:13,Closure-169,Defects4J,SR,bug_report,2215.191,54664.823,0.09483,0.044057
2026-08-16T05:28:13,Closure-17,Defects4J,SR,bug_report,1723.151,42577.128,0.075365,0.035014
2026-08-16T05:28:13,Closure-170,Defects4J,SR,bug_report,2222.151,55055.57,0.095532,0.044383
2026-08-16T05:28:13,Closure-171,Defects4J,SR,bug_report,2233.2,55188.248,0.096033,0.044615
2026-08-16T05:28:13,Closure-172,Defects4J,SR,bug_report,2232.715,55041.453,0.095857,0.044534
2026-08-16T05:28:13,Closure-173,Defects4J,SR,bug_report,2232.59,55075.936,0.095694,0.044458
2026-08-16T05:28:13,Closure-174,Defects4J,SR,bug_report,2236.78,55382.514,0.095967,0.044585
2026-08-16T05:28:13,Closure-175,Defects4J,SR,bug_report,1408.963,34985.694,0.061048,0.028362
2026-08-16T05:28:13,Closure-176,Defects4J,SR,bug_report,1455.341,35951.599,0.063285,0.029401
2026-08-16T05:28:13,Closure-18,Defects4J,SR,bug_report,1724.348,42763.939,0.075299,0.034983
2026-08-16T05:28:13,Closure-19,Defects4J,SR,bug_report,1723.426,42820.076,0.075276,0.034972
2026-08-16T21:37:20,Closure-2,Defects4J,SR,bug_report,1711.578,42406.902,0.053332,0.024777
2026-08-16T21:37:20,Closure-20,Defects4J,SR,bug_report,2113.583,52683.49,0.092582,0.043012
2026-08-16T21:37:20,Closure-21,Defects4J,SR,bug_report,2117.168,52421.286,0.092685,0.04306
2026-08-16T21:37:20,Closure-22,Defects4J,SR,bug_report,2122.452,52677.01,0.092705,0.04307
2026-08-16T21:37:20,Closure-23,Defects4J,SR,bug_report,1708.176,42179.981,0.074769,0.034737
2026-08-16T21:37:20,Closure-24,Defects4J,SR,bug_report,1698.239,42370.082,0.074876,0.034786
2026-08-16T21:37:20,Closure-25,Defects4J,SR,bug_report,1700.828,42072.719,0.074799,0.03475
2026-08-16T21:37:20,Closure-26,Defects4J,SR,bug_report,1697.475,42007.2,0.074597,0.034657
2026-08-16T21:37:20,Closure-27,Defects4J,SR,bug_report,1698.099,42041.925,0.074528,0.034625
2026-08-16T21:37:20,Closure-28,Defects4J,SR,bug_report,1700.564,42500.919,0.074659,0.034686
2026-08-16T21:37:20,Closure-29,Defects4J,SR,bug_report,1698.457,41714.248,0.07452,0.034621
2026-08-16T21:37:20,Closure-3,Defects4J,SR,bug_report,1717.859,42912.257,0.074403,0.034567
2026-08-16T21:37:20,Closure-30,Defects4J,SR,bug_report,1614.241,39624.195,0.070655,0.032826
2026-08-18T07:18:05,Closure-31,Defects4J,SR,bug_report,1897.515,26516.436,0.041451,0.019258
2026-08-18T07:18:05,Closure-32,Defects4J,SR,bug_report,1892.564,26109.327,0.053763,0.024978
2026-08-18T07:18:05,Closure-33,Defects4J,SR,bug_report,1632.653,22529.512,0.046019,0.02138
2026-08-18T07:18:05,Closure-34,Defects4J,SR,bug_report,1621.143,22475.101,0.04558,0.021176
2026-08-18T07:18:05,Closure-35,Defects4J,SR,bug_report,1613.974,22095.121,0.045288,0.02104
2026-08-18T07:18:05,Closure-36,Defects4J,SR,bug_report,1613.39,22162.55,0.045213,0.021006
2026-08-18T07:18:05,Closure-37,Defects4J,SR,bug_report,1520.019,20811.908,0.042532,0.01976
2026-08-18T07:18:05,Closure-38,Defects4J,SR,bug_report,1515.926,20703.315,0.042455,0.019724
2026-08-18T07:18:05,Closure-39,Defects4J,SR,bug_report,1589.522,21662.272,0.044323,0.020592
2026-08-18T07:18:05,Closure-4,Defects4J,SR,bug_report,1889.478,26050.406,0.052212,0.024257
2026-08-18T07:18:05,Closure-40,Defects4J,SR,bug_report,1515.787,20870.983,0.042421,0.019708
2026-08-18T07:18:05,Closure-41,Defects4J,SR,bug_report,1556.289,21567.763,0.043658,0.020283
2026-08-18T07:18:05,Closure-42,Defects4J,SR,bug_report,1514.022,20933.964,0.042554,0.01977
2026-08-18T07:18:05,Closure-43,Defects4J,SR,bug_report,1591.105,21748.839,0.044315,0.020588
2026-08-18T07:18:05,Closure-44,Defects4J,SR,bug_report,764.771,10283.61,0.020912,0.009715
2026-08-18T07:18:05,Closure-45,Defects4J,SR,bug_report,762.227,10481.621,0.020923,0.00972
2026-08-18T07:18:05,Closure-46,Defects4J,SR,bug_report,2528.911,34890.698,0.06905,0.03208
2026-08-18T07:18:05,Closure-47,Defects4J,SR,bug_report,1605.957,22219.181,0.0446,0.02072
2026-08-18T07:18:05,Closure-48,Defects4J,SR,bug_report,1587.963,21900.452,0.044202,0.020536
2026-08-18T07:18:05,Closure-49,Defects4J,SR,bug_report,1605.701,21878.408,0.044529,0.020687
2026-08-18T07:18:05,Closure-5,Defects4J,SR,bug_report,2362.227,32252.761,0.064109,0.029784
2026-08-18T07:18:05,Closure-50,Defects4J,SR,bug_report,1502.591,20509.967,0.041829,0.019433
2026-08-18T07:18:05,Closure-51,Defects4J,SR,bug_report,1503.944,20832.633,0.041991,0.019508
2026-08-18T07:18:05,Closure-52,Defects4J,SR,bug_report,1506.197,20782.92,0.042016,0.01952
2026-08-18T07:18:05,Closure-53,Defects4J,SR,bug_report,1598.363,22035.356,0.044416,0.020635
2026-08-18T07:18:05,Closure-54,Defects4J,SR,bug_report,2354.797,32125.929,0.063726,0.029606
2026-08-19T11:32:08,Closure-55,Defects4J,SR,bug_report,47.217,7198.375,0.002797,0.0013
2026-08-19T11:32:08,Closure-56,Defects4J,SR,bug_report,39.572,6719.284,0.002526,0.001173
2026-08-19T11:32:08,Closure-57,Defects4J,SR,bug_report,40.196,6811.199,0.002556,0.001187
2026-08-19T11:32:08,Closure-58,Defects4J,SR,bug_report,39.563,6763.221,0.002534,0.001177
2026-08-19T11:32:08,Closure-59,Defects4J,SR,bug_report,39.917,6911.296,0.002594,0.001205
2026-08-19T11:32:08,Closure-6,Defects4J,SR,bug_report,40.949,6618.102,0.002524,0.001173
2026-08-19T11:32:08,Closure-60,Defects4J,SR,bug_report,39.969,6918.526,0.002585,0.001201
2026-08-19T11:32:08,Closure-61,Defects4J,SR,bug_report,39.064,6687.904,0.002506,0.001164
2026-08-19T11:32:08,Closure-62,Defects4J,SR,bug_report,38.66,6632.724,0.002485,0.001154
2026-08-19T11:32:08,Closure-64,Defects4J,SR,bug_report,38.588,6625.424,0.002478,0.001151
2026-08-19T11:32:08,Closure-65,Defects4J,SR,bug_report,38.545,6658.465,0.002488,0.001156
2026-08-19T11:32:08,Closure-66,Defects4J,SR,bug_report,38.424,6657.521,0.002489,0.001156
2026-08-19T11:32:08,Closure-67,Defects4J,SR,bug_report,39.336,6710.086,0.002517,0.001169
2026-08-19T11:32:08,Closure-68,Defects4J,SR,bug_report,38.472,6567.759,0.002477,0.001151
2026-08-19T11:57:36,Closure-69,Defects4J,SR,bug_report,39.32,6678.305,0.002511,0.001166
2026-08-19T11:57:36,Closure-7,Defects4J,SR,bug_report,40.438,6560.315,0.002508,0.001165
2026-08-19T11:57:36,Closure-70,Defects4J,SR,bug_report,38.842,6676.94,0.002495,0.001159
2026-08-19T11:57:36,Closure-71,Defects4J,SR,bug_report,38.447,6729.17,0.002506,0.001164
2026-08-19T11:57:36,Closure-72,Defects4J,SR,bug_report,38.272,6665.626,0.002502,0.001162
2026-08-19T11:57:36,Closure-73,Defects4J,SR,bug_report,38.098,6708.705,0.002491,0.001157
2026-08-19T11:57:36,Closure-74,Defects4J,SR,bug_report,38.182,6737.877,0.002507,0.001165
2026-08-19T11:57:36,Closure-75,Defects4J,SR,bug_report,37.692,6687.124,0.002478,0.001151
2026-08-19T11:57:36,Closure-76,Defects4J,SR,bug_report,37.429,6607.177,0.002465,0.001145
2026-08-19T11:57:36,Closure-77,Defects4J,SR,bug_report,37.184,6610.596,0.002461,0.001143
2026-08-19T11:57:36,Closure-78,Defects4J,SR,bug_report,37.371,6642.589,0.002462,0.001144
2026-08-19T11:57:36,Closure-79,Defects4J,SR,bug_report,38.007,6690.998,0.002499,0.001161
2026-08-19T11:57:36,Closure-8,Defects4J,SR,bug_report,40.477,6595.03,0.002507,0.001165
2026-08-19T11:57:36,Closure-80,Defects4J,SR,bug_report,37.454,6694.404,0.002478,0.001151
2026-08-19T11:57:36,Closure-81,Defects4J,SR,bug_report,37.508,6715.659,0.002481,0.001153
2026-08-19T11:57:36,Closure-82,Defects4J,SR,bug_report,50.385,7480.531,0.002939,0.001365
2026-08-19T11:57:36,Closure-83,Defects4J,SR,bug_report,50.192,7449.914,0.002924,0.001358
2026-08-19T11:57:36,Closure-84,Defects4J,SR,bug_report,50.334,7439.435,0.002925,0.001359
2026-08-19T11:57:36,Closure-85,Defects4J,SR,bug_report,50.143,7429.639,0.002912,0.001353
2026-08-19T11:57:36,Closure-86,Defects4J,SR,bug_report,36.751,6468.468,0.002408,0.001119
2026-08-19T11:57:36,Closure-87,Defects4J,SR,bug_report,36.339,6456.214,0.002395,0.001113
2026-08-19T11:57:36,Closure-88,Defects4J,SR,bug_report,36.826,6473.135,0.002412,0.00112
2026-08-19T11:57:36,Closure-89,Defects4J,SR,bug_report,35.778,6373.463,0.002372,0.001102
2026-08-19T11:57:36,Closure-9,Defects4J,SR,bug_report,40.654,6604.669,0.002512,0.001167
2026-08-19T11:57:36,Closure-90,Defects4J,SR,bug_report,35.946,6444.695,0.002384,0.001108
2026-08-19T11:57:36,Closure-91,Defects4J,SR,bug_report,35.848,6433.912,0.002379,0.001105
2026-08-19T11:57:36,Closure-92,Defects4J,SR,bug_report,36.049,6415.687,0.002391,0.001111
2026-08-19T11:57:36,Closure-94,Defects4J,SR,bug_report,36.634,6662.238,0.002455,0.00114
2026-08-19T11:57:36,Closure-96,Defects4J,SR,bug_report,66.376,11324.513,0.0043,0.001998
2026-08-19T11:57:36,Closure-97,Defects4J,SR,bug_report,40.693,7069.892,0.002644,0.001228
2026-08-19T11:57:36,Closure-98,Defects4J,SR,bug_report,40.118,6908.38,0.002584,0.001201
2026-08-19T11:57:36,Closure-99,Defects4J,SR,bug_report,39.644,6880.887,0.002571,0.001194
2026-08-19T11:57:36,Codec-1,Defects4J,SR,bug_report,11.362,3396.799,0.001087,0.000505
2026-08-19T11:57:36,Codec-10,Defects4J,SR,bug_report,11.514,3536.812,0.001128,0.000524
2026-08-19T11:57:36,Codec-11,Defects4J,SR,bug_report,15.817,4837.613,0.001561,0.000725
2026-08-19T11:57:36,Codec-12,Defects4J,SR,bug_report,12.633,3756.891,0.001209,0.000562
2026-08-19T11:57:36,Codec-13,Defects4J,SR,bug_report,13.568,4365.19,0.001395,0.000648
2026-08-19T11:57:36,Codec-14,Defects4J,SR,bug_report,17.481,4968.687,0.001631,0.000758
2026-08-19T11:57:36,Codec-15,Defects4J,SR,bug_report,15.524,4357.54,0.001428,0.000664
2026-08-19T11:57:36,Codec-16,Defects4J,SR,bug_report,18.768,5039.027,0.001679,0.00078
2026-08-19T11:57:36,Codec-17,Defects4J,SR,bug_report,14.429,4261.101,0.001377,0.00064
2026-08-19T11:57:36,Codec-18,Defects4J,SR,bug_report,10.696,3277.335,0.001042,0.000484
2026-08-19T11:57:36,Codec-2,Defects4J,SR,bug_report,12.245,3806.059,0.001212,0.000563
2026-08-19T11:57:36,Codec-3,Defects4J,SR,bug_report,13.547,4454.662,0.001425,0.000662
2026-08-19T11:57:36,Codec-4,Defects4J,SR,bug_report,17.743,5465.757,0.001771,0.000823
2026-08-19T11:57:36,Codec-5,Defects4J,SR,bug_report,17.183,5393.757,0.001758,0.000817
2026-08-19T11:57:36,Codec-6,Defects4J,SR,bug_report,16.804,4966.245,0.00162,0.000753
2026-08-19T11:57:36,Codec-7,Defects4J,SR,bug_report,14.247,4223.156,0.001367,0.000635
2026-08-19T11:57:36,Codec-8,Defects4J,SR,bug_report,17.074,5112.551,0.001667,0.000775
2026-08-19T11:57:36,Codec-9,Defects4J,SR,bug_report,9.285,2848.427,0.000894,0.000415
2026-08-19T11:57:36,Collections-1,Defects4J,SR,bug_report,11.184,3668.206,0.001157,0.000538
2026-08-19T11:57:36,Collections-10,Defects4J,SR,bug_report,8.965,3039.168,0.000943,0.000438
2026-08-19T11:57:36,Collections-11,Defects4J,SR,bug_report,11.119,3685.827,0.001159,0.000538
2026-08-19T11:57:36,Collections-12,Defects4J,SR,bug_report,9.628,3201.418,0.001006,0.000467
2026-08-19T11:57:36,Collections-13,Defects4J,SR,bug_report,9.86,3319.853,0.001035,0.000481
2026-08-19T11:57:36,Collections-14,Defects4J,SR,bug_report,9.885,3247.521,0.001016,0.000472
2026-08-19T11:57:36,Collections-15,Defects4J,SR,bug_report,11.607,3827.23,0.001204,0.000559
2026-08-19T11:57:36,Collections-16,Defects4J,SR,bug_report,10.523,3448.063,0.00109,0.000507
2026-08-19T11:57:36,Collections-17,Defects4J,SR,bug_report,16.777,3417.452,0.001192,0.000554
2026-08-19T11:57:36,Collections-18,Defects4J,SR,bug_report,12.991,4259.548,0.001355,0.00063
2026-08-19T11:57:36,Collections-19,Defects4J,SR,bug_report,14.479,4622.032,0.001492,0.000693
2026-08-19T11:57:36,Collections-2,Defects4J,SR,bug_report,9.827,3167.442,0.001007,0.000468
2026-08-19T11:57:36,Collections-20,Defects4J,SR,bug_report,37.557,5997.969,0.002291,0.001064
2026-08-19T11:57:36,Collections-21,Defects4J,SR,bug_report,16.089,4380.965,0.001463,0.00068
2026-08-19T11:57:36,Collections-22,Defects4J,SR,bug_report,17.076,5328.069,0.001728,0.000803
2026-08-19T11:57:36,Collections-23,Defects4J,SR,bug_report,28.29,5311.224,0.001928,0.000896
2026-08-19T11:57:36,Collections-24,Defects4J,SR,bug_report,32.585,6498.879,0.002333,0.001084
2026-08-19T11:57:36,Collections-25,Defects4J,SR,bug_report,30.454,5409.689,0.002006,0.000932
2026-08-19T11:57:36,Collections-26,Defects4J,SR,bug_report,43.828,7221.523,0.002738,0.001272
2026-08-19T11:57:36,Collections-27,Defects4J,SR,bug_report,34.914,5755.588,0.002173,0.00101
2026-08-19T11:57:36,Collections-28,Defects4J,SR,bug_report,42.04,6712.314,0.00257,0.001194
2026-08-19T11:57:36,Collections-3,Defects4J,SR,bug_report,11.754,3703.948,0.001178,0.000547
2026-08-19T11:57:36,Collections-4,Defects4J,SR,bug_report,11.541,3718.601,0.001173,0.000545
2026-08-19T11:57:36,Collections-5,Defects4J,SR,bug_report,13.784,4337.712,0.001406,0.000653
2026-08-19T11:57:36,Collections-6,Defects4J,SR,bug_report,10.925,3545.73,0.001113,0.000517
2026-08-19T11:57:36,Collections-7,Defects4J,SR,bug_report,11.257,3636.12,0.001156,0.000537
2026-08-19T11:57:36,Collections-8,Defects4J,SR,bug_report,16.745,5295.441,0.001711,0.000795
2026-08-19T11:57:36,Collections-9,Defects4J,SR,bug_report,9.663,3213.453,0.001012,0.00047
2026-08-19T11:57:36,Compress-1,Defects4J,SR,bug_report,17.963,4959.034,0.001638,0.000761
2026-08-19T11:57:36,Compress-10,Defects4J,SR,bug_report,17.011,5406.459,0.001747,0.000812
2026-08-19T11:57:36,Compress-11,Defects4J,SR,bug_report,22.773,6065.658,0.002043,0.000949
2026-08-19T11:57:36,Compress-12,Defects4J,SR,bug_report,22.308,6681.755,0.002195,0.00102
2026-08-19T11:57:36,Compress-13,Defects4J,SR,bug_report,18.808,5011.768,0.001674,0.000778
2026-08-19T11:57:36,Compress-14,Defects4J,SR,bug_report,18.621,4956.986,0.001653,0.000768
2026-08-19T11:57:36,Compress-15,Defects4J,SR,bug_report,12.913,4165.455,0.001328,0.000617
2026-08-19T11:57:36,Compress-16,Defects4J,SR,bug_report,16.034,4301.571,0.001424,0.000662
2026-08-19T11:57:36,Compress-17,Defects4J,SR,bug_report,19.972,5320.49,0.001791,0.000832
2026-08-19T11:57:36,Compress-18,Defects4J,SR,bug_report,11.412,3424.081,0.001091,0.000507
2026-08-19T11:57:36,Compress-19,Defects4J,SR,bug_report,15.679,4863.863,0.00158,0.000734
2026-08-19T11:57:36,Compress-2,Defects4J,SR,bug_report,11.32,3356.302,0.001092,0.000507
2026-08-19T11:57:36,Compress-20,Defects4J,SR,bug_report,17.696,4041.165,0.001385,0.000643
2026-08-19T11:57:36,Compress-21,Defects4J,SR,bug_report,21.856,5455.682,0.001849,0.000859
2026-08-19T11:57:36,Compress-22,Defects4J,SR,bug_report,14.18,4534.227,0.001451,0.000674
2026-08-19T11:57:36,Compress-23,Defects4J,SR,bug_report,15.78,3879.548,0.001302,0.000605
2026-08-19T11:57:36,Compress-24,Defects4J,SR,bug_report,17.422,4377.018,0.001468,0.000682
2026-08-19T11:57:36,Compress-25,Defects4J,SR,bug_report,18.754,5982.65,0.001938,0.0009
2026-08-19T11:57:36,Compress-26,Defects4J,SR,bug_report,24.499,5745.261,0.001975,0.000918
2026-08-19T11:57:36,Compress-27,Defects4J,SR,bug_report,27.897,6147.316,0.002155,0.001001
2026-08-19T11:57:36,Compress-28,Defects4J,SR,bug_report,21.425,4843.232,0.001684,0.000782
2026-08-19T11:57:36,Compress-29,Defects4J,SR,bug_report,26.55,5588.035,0.00198,0.00092
2026-08-19T11:57:36,Compress-3,Defects4J,SR,bug_report,12.021,3528.791,0.001134,0.000527
2026-08-19T11:57:36,Compress-30,Defects4J,SR,bug_report,12.706,4166.673,0.001319,0.000613
2026-08-19T11:57:36,Compress-31,Defects4J,SR,bug_report,22.614,6680.525,0.002218,0.001031
2026-08-19T11:57:36,Compress-32,Defects4J,SR,bug_report,26.812,6239.546,0.002161,0.001004
2026-08-19T11:57:36,Compress-33,Defects4J,SR,bug_report,22.718,4992.594,0.001739,0.000808
2026-08-19T11:57:36,Compress-34,Defects4J,SR,bug_report,16.36,4293.262,0.00144,0.000669
2026-08-19T11:57:36,Compress-35,Defects4J,SR,bug_report,18.175,4791.207,0.001598,0.000742
2026-08-19T11:57:36,Compress-36,Defects4J,SR,bug_report,18.541,4512.404,0.001522,0.000707
2026-08-19T11:57:36,Compress-37,Defects4J,SR,bug_report,18.334,4764.549,0.00159,0.000739
2026-08-19T11:57:36,Compress-38,Defects4J,SR,bug_report,20.572,5132.544,0.001733,0.000805
2026-08-19T11:57:36,Compress-39,Defects4J,SR,bug_report,10.022,3283.122,0.001028,0.000477
2026-08-19T11:57:36,Compress-4,Defects4J,SR,bug_report,12.024,3547.813,0.001135,0.000527
2026-08-19T11:57:36,Compress-40,Defects4J,SR,bug_report,27.038,7099.774,0.002399,0.001115
2026-08-19T11:57:36,Compress-41,Defects4J,SR,bug_report,23.877,6495.419,0.002175,0.001011
2026-08-19T11:57:36,Compress-42,Defects4J,SR,bug_report,12.85,4267.57,0.001356,0.00063
2026-08-19T11:57:36,Compress-43,Defects4J,SR,bug_report,16.523,5291.553,0.001708,0.000793
2026-08-19T11:57:36,Compress-44,Defects4J,SR,bug_report,21.923,5267.117,0.001801,0.000837
2026-08-19T11:57:36,Compress-45,Defects4J,SR,bug_report,24.059,5327.305,0.001855,0.000862
2026-08-19T11:57:36,Compress-46,Defects4J,SR,bug_report,21.158,4947.446,0.001713,0.000796
2026-08-19T11:57:36,Compress-47,Defects4J,SR,bug_report,20.048,6457.72,0.002095,0.000973
2026-08-19T11:57:36,Compress-5,Defects4J,SR,bug_report,18.846,5251.753,0.001733,0.000805
2026-08-19T11:57:36,Compress-6,Defects4J,SR,bug_report,18.121,5025.586,0.001658,0.00077
2026-08-19T11:57:36,Compress-7,Defects4J,SR,bug_report,16.358,4755.507,0.001565,0.000727
2026-08-19T11:57:36,Compress-8,Defects4J,SR,bug_report,18.066,5337.682,0.001747,0.000812
2026-08-19T11:57:36,Compress-9,Defects4J,SR,bug_report,18.899,5179.018,0.00172,0.000799
2026-08-19T11:57:36,Csv-1,Defects4J,SR,bug_report,12.026,3947.117,0.001251,0.000581
2026-08-19T11:57:36,Csv-10,Defects4J,SR,bug_report,13.599,4371.438,0.0014,0.00065
2026-08-19T11:57:36,Csv-11,Defects4J,SR,bug_report,15.139,4600.747,0.001491,0.000693
2026-08-19T11:57:36,Csv-12,Defects4J,SR,bug_report,12.588,4006.967,0.001285,0.000597
2026-08-19T11:57:36,Csv-13,Defects4J,SR,bug_report,15.263,4752.35,0.001528,0.00071
2026-08-19T11:57:36,Csv-14,Defects4J,SR,bug_report,12.686,3980.201,0.001273,0.000591
2026-08-19T11:57:36,Csv-15,Defects4J,SR,bug_report,13.952,4265.299,0.001369,0.000636
2026-08-19T11:57:36,Csv-16,Defects4J,SR,bug_report,12.774,4214.643,0.001334,0.00062
2026-08-19T11:57:36,Csv-2,Defects4J,SR,bug_report,12.325,3868.415,0.001235,0.000574
2026-08-19T11:57:36,Csv-3,Defects4J,SR,bug_report,9.657,3201.707,0.001001,0.000465
2026-08-19T11:57:36,Csv-4,Defects4J,SR,bug_report,10.623,3404.355,0.00107,0.000497
2026-08-19T11:57:36,Csv-5,Defects4J,SR,bug_report,12.137,3835.06,0.00122,0.000567
2026-08-19T11:57:36,Csv-6,Defects4J,SR,bug_report,18.899,5789.845,0.001882,0.000874
2026-08-19T11:57:36,Csv-7,Defects4J,SR,bug_report,15.101,4582.675,0.001496,0.000695
2026-08-19T11:57:36,Csv-8,Defects4J,SR,bug_report,9.794,3044.952,0.000964,0.000448
2026-08-19T11:57:36,Csv-9,Defects4J,SR,bug_report,13.233,4077.153,0.001322,0.000614
2026-08-19T11:57:36,Gson-1,Defects4J,SR,bug_report,15.23,4206.754,0.001386,0.000644
2026-08-19T11:57:36,Gson-10,Defects4J,SR,bug_report,11.581,3915.641,0.001231,0.000572
2026-08-19T11:57:36,Gson-11,Defects4J,SR,bug_report,10.001,3381.986,0.001056,0.00049
2026-08-19T11:57:36,Gson-12,Defects4J,SR,bug_report,13.593,3833.413,0.001242,0.000577
2026-08-19T11:57:36,Gson-13,Defects4J,SR,bug_report,18.427,5238.633,0.001725,0.000802
2026-08-19T11:57:36,Gson-14,Defects4J,SR,bug_report,17.335,4837.037,0.001596,0.000741
2026-08-19T11:57:36,Gson-15,Defects4J,SR,bug_report,12.276,3721.475,0.001193,0.000554
2026-08-19T11:57:36,Gson-16,Defects4J,SR,bug_report,12.626,4405.009,0.001387,0.000644
2026-08-19T11:57:36,Gson-17,Defects4J,SR,bug_report,16.587,5060.024,0.001643,0.000763
2026-08-19T11:57:36,Gson-18,Defects4J,SR,bug_report,12.123,3914.417,0.001239,0.000576
2026-08-19T11:57:36,Gson-2,Defects4J,SR,bug_report,12.115,3813.844,0.001209,0.000562
2026-08-19T11:57:36,Gson-3,Defects4J,SR,bug_report,11.356,3719.771,0.001173,0.000545
2026-08-19T11:57:36,Gson-4,Defects4J,SR,bug_report,11.648,3844.985,0.001213,0.000563
2026-08-19T11:57:36,Gson-5,Defects4J,SR,bug_report,21.598,6310.458,0.002079,0.000966
2026-08-19T11:57:36,Gson-6,Defects4J,SR,bug_report,16.105,5131.697,0.00165,0.000767
2026-08-19T11:57:36,Gson-7,Defects4J,SR,bug_report,12.521,3663.646,0.001182,0.000549
2026-08-19T11:57:36,Gson-8,Defects4J,SR,bug_report,19.073,5514.1,0.001815,0.000843
2026-08-19T11:57:36,Gson-9,Defects4J,SR,bug_report,9.252,3158.002,0.000982,0.000456
2026-08-19T11:57:36,JacksonCore-1,Defects4J,SR,bug_report,13.219,3964.577,0.001285,0.000597
2026-08-19T11:57:36,JacksonCore-10,Defects4J,SR,bug_report,12.349,4090.877,0.00129,0.000599
2026-08-19T11:57:36,JacksonCore-11,Defects4J,SR,bug_report,22.138,6178.955,0.002052,0.000953
2026-08-19T11:57:36,JacksonCore-12,Defects4J,SR,bug_report,23.892,5691.8,0.001955,0.000908
2026-08-19T11:57:36,JacksonCore-13,Defects4J,SR,bug_report,17.084,4403.899,0.001474,0.000685
2026-08-19T11:57:36,JacksonCore-14,Defects4J,SR,bug_report,17.433,4742.557,0.001569,0.000729
2026-08-19T11:57:36,JacksonCore-15,Defects4J,SR,bug_report,17.036,4301.561,0.001442,0.00067
2026-08-19T11:57:36,JacksonCore-16,Defects4J,SR,bug_report,16.05,3803.041,0.00129,0.000599
2026-08-19T11:57:36,JacksonCore-17,Defects4J,SR,bug_report,14.245,3797.111,0.00125,0.000581
2026-08-19T11:57:36,JacksonCore-18,Defects4J,SR,bug_report,18.895,5333.447,0.001759,0.000817
2026-08-19T11:57:36,JacksonCore-19,Defects4J,SR,bug_report,24.94,4958.327,0.001769,0.000822
2026-08-19T11:57:36,JacksonCore-2,Defects4J,SR,bug_report,18.082,4227.379,0.001453,0.000675
2026-08-19T11:57:36,JacksonCore-20,Defects4J,SR,bug_report,20.505,4732.034,0.001629,0.000757
2026-08-19T11:57:36,JacksonCore-21,Defects4J,SR,bug_report,17.32,4182.969,0.001415,0.000657
2026-08-19T11:57:36,JacksonCore-22,Defects4J,SR,bug_report,16.96,3969.693,0.00136,0.000632
2026-08-19T11:57:36,JacksonCore-23,Defects4J,SR,bug_report,13.013,3624.033,0.001175,0.000546
2026-08-19T11:57:36,JacksonCore-24,Defects4J,SR,bug_report,18.64,4451.258,0.001515,0.000704
2026-08-19T11:57:36,JacksonCore-25,Defects4J,SR,bug_report,21.935,5227.443,0.001806,0.000839
2026-08-19T11:57:36,JacksonCore-26,Defects4J,SR,bug_report,20.802,4652.244,0.001611,0.000749
2026-08-19T11:57:36,JacksonCore-3,Defects4J,SR,bug_report,19.125,4608.636,0.001575,0.000732
2026-08-19T11:57:36,JacksonCore-4,Defects4J,SR,bug_report,14.13,3901.97,0.001279,0.000594
2026-08-19T11:57:36,JacksonCore-5,Defects4J,SR,bug_report,10.182,3018.76,0.000958,0.000445
2026-08-19T11:57:36,JacksonCore-6,Defects4J,SR,bug_report,17.185,4277.156,0.001437,0.000668
2026-08-19T11:57:36,JacksonCore-7,Defects4J,SR,bug_report,14.963,3868.305,0.001283,0.000596
2026-08-19T11:57:36,JacksonCore-8,Defects4J,SR,bug_report,24.042,5259.924,0.001837,0.000854
2026-08-19T11:57:36,JacksonCore-9,Defects4J,SR,bug_report,16.946,4021.966,0.001363,0.000633
2026-08-19T11:57:36,JacksonDatabind-1,Defects4J,SR,bug_report,30.447,5851.469,0.002118,0.000984
2026-08-19T11:57:36,JacksonDatabind-10,Defects4J,SR,bug_report,29.67,5096.775,0.00189,0.000878
2026-08-19T11:57:36,JacksonDatabind-100,Defects4J,SR,bug_report,12.981,4142.704,0.001327,0.000617
2026-08-19T11:57:36,JacksonDatabind-101,Defects4J,SR,bug_report,46.922,7952.837,0.003015,0.001401
2026-08-19T11:57:36,JacksonDatabind-102,Defects4J,SR,bug_report,32.243,6671.038,0.002379,0.001105
2026-08-19T11:57:36,JacksonDatabind-103,Defects4J,SR,bug_report,11.602,3744.83,0.001187,0.000552
2026-08-19T11:57:36,JacksonDatabind-104,Defects4J,SR,bug_report,35.034,5899.106,0.002215,0.001029
2026-08-19T11:57:36,JacksonDatabind-105,Defects4J,SR,bug_report,36.475,6223.007,0.00233,0.001082
2026-08-19T11:57:36,JacksonDatabind-106,Defects4J,SR,bug_report,38.23,6655.349,0.002496,0.00116
2026-08-19T11:57:36,JacksonDatabind-107,Defects4J,SR,bug_report,49.223,6760.427,0.002715,0.001261
2026-08-19T11:57:36,JacksonDatabind-108,Defects4J,SR,bug_report,12.541,4047.052,0.001285,0.000597
2026-08-19T11:57:36,JacksonDatabind-109,Defects4J,SR,bug_report,29.902,5861.241,0.002111,0.000981
2026-08-19T11:57:36,JacksonDatabind-11,Defects4J,SR,bug_report,23.734,4611.326,0.001659,0.000771
2026-08-19T11:57:36,JacksonDatabind-110,Defects4J,SR,bug_report,30.923,6089.726,0.002194,0.001019
2026-08-19T11:57:36,JacksonDatabind-111,Defects4J,SR,bug_report,30.96,6439.526,0.00229,0.001064
2026-08-19T11:57:36,JacksonDatabind-112,Defects4J,SR,bug_report,29.911,5844.629,0.002108,0.000979
2026-08-19T11:57:36,JacksonDatabind-12,Defects4J,SR,bug_report,34.245,6808.51,0.002454,0.00114
2026-08-19T11:57:36,JacksonDatabind-13,Defects4J,SR,bug_report,19.328,5730.822,0.001874,0.000871
2026-08-19T11:57:36,JacksonDatabind-14,Defects4J,SR,bug_report,30.439,6976.14,0.00243,0.001129
2026-08-19T11:57:36,JacksonDatabind-15,Defects4J,SR,bug_report,29.106,6422.244,0.002253,0.001046
2026-08-19T11:57:36,JacksonDatabind-16,Defects4J,SR,bug_report,16.743,5273.72,0.001703,0.000791
2026-08-19T11:57:36,JacksonDatabind-17,Defects4J,SR,bug_report,23.859,5162.603,0.001801,0.000837
2026-08-19T11:57:36,JacksonDatabind-18,Defects4J,SR,bug_report,33.013,5939.972,0.002187,0.001016
2026-08-19T11:57:36,JacksonDatabind-19,Defects4J,SR,bug_report,15.285,4807.087,0.001552,0.000721
2026-08-19T11:57:36,JacksonDatabind-2,Defects4J,SR,bug_report,18.973,4711.564,0.001591,0.000739
2026-08-19T11:57:36,JacksonDatabind-20,Defects4J,SR,bug_report,10.263,3358.678,0.001055,0.00049
2026-08-19T11:57:36,JacksonDatabind-21,Defects4J,SR,bug_report,22.348,4145.973,0.001491,0.000693
2026-08-19T11:57:36,JacksonDatabind-22,Defects4J,SR,bug_report,31.101,9958.975,0.003285,0.001526
2026-08-19T11:57:36,JacksonDatabind-23,Defects4J,SR,bug_report,23.398,4403.86,0.001585,0.000736
2026-08-19T11:57:36,JacksonDatabind-24,Defects4J,SR,bug_report,11.87,3984.929,0.001255,0.000583
2026-08-19T11:57:36,JacksonDatabind-25,Defects4J,SR,bug_report,35.227,8011.375,0.002816,0.001308
2026-08-19T11:57:36,JacksonDatabind-26,Defects4J,SR,bug_report,10.165,3348.788,0.001045,0.000485
2026-08-19T11:57:36,JacksonDatabind-27,Defects4J,SR,bug_report,11.921,3867.118,0.001221,0.000567
2026-08-19T11:57:36,JacksonDatabind-28,Defects4J,SR,bug_report,12.665,4231.809,0.001342,0.000624
2026-08-19T11:57:36,JacksonDatabind-29,Defects4J,SR,bug_report,28.896,8184.859,0.00274,0.001273
2026-08-19T11:57:36,JacksonDatabind-3,Defects4J,SR,bug_report,18.363,4577.595,0.001549,0.00072
2026-08-19T11:57:36,JacksonDatabind-30,Defects4J,SR,bug_report,17.205,5460.247,0.001758,0.000817
2026-08-19T11:57:36,JacksonDatabind-31,Defects4J,SR,bug_report,51.8,8806.704,0.00333,0.001547
2026-08-19T11:57:36,JacksonDatabind-32,Defects4J,SR,bug_report,13.127,4193.538,0.001334,0.00062
2026-08-19T11:57:36,JacksonDatabind-33,Defects4J,SR,bug_report,15.316,4725.452,0.001526,0.000709
2026-08-19T11:57:36,JacksonDatabind-34,Defects4J,SR,bug_report,14.111,4522.583,0.001445,0.000671
2026-08-19T11:57:36,JacksonDatabind-35,Defects4J,SR,bug_report,13.216,4462.46,0.001414,0.000657
2026-08-19T11:57:36,JacksonDatabind-36,Defects4J,SR,bug_report,28.961,6020.039,0.00214,0.000994
2026-08-19T11:57:36,JacksonDatabind-37,Defects4J,SR,bug_report,17.474,4146.117,0.001408,0.000654
2026-08-19T11:57:36,JacksonDatabind-38,Defects4J,SR,bug_report,71.664,11658.166,0.004486,0.002084
2026-08-19T11:57:36,JacksonDatabind-39,Defects4J,SR,bug_report,16.456,5283.706,0.001704,0.000792
2026-08-19T11:57:36,JacksonDatabind-4,Defects4J,SR,bug_report,13.266,4227.533,0.001348,0.000626
2026-08-19T11:57:36,JacksonDatabind-40,Defects4J,SR,bug_report,13.877,4424.072,0.001417,0.000659
2026-08-19T11:57:36,JacksonDatabind-41,Defects4J,SR,bug_report,23.099,4256.025,0.001539,0.000715
2026-08-19T11:57:36,JacksonDatabind-42,Defects4J,SR,bug_report,12.707,4103.79,0.001309,0.000608
2026-08-19T11:57:36,JacksonDatabind-43,Defects4J,SR,bug_report,66.494,13575.957,0.004938,0.002294
2026-08-19T11:57:36,JacksonDatabind-44,Defects4J,SR,bug_report,19.264,6997.896,0.002231,0.001036
2026-08-19T11:57:36,JacksonDatabind-45,Defects4J,SR,bug_report,13.083,4467.423,0.001424,0.000661
2026-08-19T11:57:36,JacksonDatabind-46,Defects4J,SR,bug_report,12.112,3888.304,0.001234,0.000573
2026-08-19T11:57:36,JacksonDatabind-47,Defects4J,SR,bug_report,18.011,4245.695,0.001445,0.000671
2026-08-19T11:57:36,JacksonDatabind-48,Defects4J,SR,bug_report,38.804,6163.084,0.002356,0.001095
2026-08-19T11:57:36,JacksonDatabind-49,Defects4J,SR,bug_report,12.632,4095.062,0.001303,0.000606
2026-08-19T11:57:36,JacksonDatabind-5,Defects4J,SR,bug_report,38.733,6788.039,0.002546,0.001183
2026-08-19T11:57:36,JacksonDatabind-50,Defects4J,SR,bug_report,13.894,4299.86,0.001385,0.000643
2026-08-19T11:57:36,JacksonDatabind-51,Defects4J,SR,bug_report,25.749,4903.797,0.001765,0.00082
2026-08-19T11:57:36,JacksonDatabind-52,Defects4J,SR,bug_report,28.664,5832.079,0.002078,0.000966
2026-08-19T11:57:36,JacksonDatabind-53,Defects4J,SR,bug_report,27.536,5811.453,0.002056,0.000955
2026-08-19T11:57:36,JacksonDatabind-54,Defects4J,SR,bug_report,11.7,3776.811,0.001192,0.000554
2026-08-19T11:57:36,JacksonDatabind-55,Defects4J,SR,bug_report,42.962,8637.167,0.003125,0.001452
2026-08-19T11:57:36,JacksonDatabind-56,Defects4J,SR,bug_report,32.494,5569.386,0.002077,0.000965
2026-08-19T11:57:36,JacksonDatabind-57,Defects4J,SR,bug_report,25.816,5024.957,0.001803,0.000838
2026-08-19T11:57:36,JacksonDatabind-58,Defects4J,SR,bug_report,68.763,13672.577,0.004993,0.002319
2026-08-19T11:57:36,JacksonDatabind-59,Defects4J,SR,bug_report,22.042,7020.501,0.002288,0.001063
2026-08-19T11:57:36,JacksonDatabind-6,Defects4J,SR,bug_report,13.263,4275.76,0.001372,0.000637
2026-08-19T11:57:36,JacksonDatabind-60,Defects4J,SR,bug_report,12.956,4234.719,0.001348,0.000626
2026-08-19T11:57:36,JacksonDatabind-61,Defects4J,SR,bug_report,31.238,5169.495,0.001946,0.000904
2026-08-19T11:57:36,JacksonDatabind-62,Defects4J,SR,bug_report,33.881,6257.125,0.002294,0.001066
2026-08-19T11:57:36,JacksonDatabind-63,Defects4J,SR,bug_report,13.222,4264.342,0.00136,0.000632
2026-08-19T11:57:36,JacksonDatabind-64,Defects4J,SR,bug_report,15.011,4673.051,0.001504,0.000699
2026-08-19T11:57:36,JacksonDatabind-66,Defects4J,SR,bug_report,13.777,4521.743,0.001441,0.000669
2026-08-19T11:57:36,JacksonDatabind-67,Defects4J,SR,bug_report,64.839,10522.287,0.004043,0.001878
2026-08-19T11:57:36,JacksonDatabind-68,Defects4J,SR,bug_report,12.258,4099.613,0.001292,0.0006
2026-08-19T11:57:36,JacksonDatabind-69,Defects4J,SR,bug_report,44.584,7805.733,0.002937,0.001364
2026-08-19T11:57:36,JacksonDatabind-7,Defects4J,SR,bug_report,24.292,4911.643,0.001744,0.00081
2026-08-19T11:57:36,JacksonDatabind-70,Defects4J,SR,bug_report,34.479,5869.497,0.002194,0.001019
2026-08-19T11:57:36,JacksonDatabind-71,Defects4J,SR,bug_report,13.54,4101.873,0.001333,0.000619
2026-08-19T11:57:36,JacksonDatabind-72,Defects4J,SR,bug_report,20.001,4932.045,0.00167,0.000776
2026-08-19T11:57:36,JacksonDatabind-73,Defects4J,SR,bug_report,17.174,5384.901,0.001743,0.00081
2026-08-19T11:57:36,JacksonDatabind-74,Defects4J,SR,bug_report,52.178,8190.832,0.003163,0.001469
2026-08-19T11:57:36,JacksonDatabind-75,Defects4J,SR,bug_report,35.739,7963.942,0.0028,0.001301
2026-08-19T11:57:36,JacksonDatabind-76,Defects4J,SR,bug_report,18.834,5925.298,0.001921,0.000893
2026-08-19T11:57:36,JacksonDatabind-77,Defects4J,SR,bug_report,18.619,5813.375,0.001896,0.000881
2026-08-19T11:57:36,JacksonDatabind-78,Defects4J,SR,bug_report,18.604,5827.693,0.001893,0.00088
2026-08-19T11:57:36,JacksonDatabind-79,Defects4J,SR,bug_report,39.456,7649.392,0.002787,0.001295
2026-08-19T11:57:36,JacksonDatabind-8,Defects4J,SR,bug_report,12.217,3949.657,0.001256,0.000583
2026-08-19T11:57:36,JacksonDatabind-80,Defects4J,SR,bug_report,30.592,6257.797,0.002227,0.001035
2026-08-19T11:57:36,JacksonDatabind-81,Defects4J,SR,bug_report,11.395,3700.115,0.001172,0.000544
2026-08-19T11:57:36,JacksonDatabind-82,Defects4J,SR,bug_report,17.415,5298.83,0.001721,0.000799
2026-08-19T11:57:36,JacksonDatabind-83,Defects4J,SR,bug_report,20.32,4898.487,0.001666,0.000774
2026-08-19T11:57:36,JacksonDatabind-84,Defects4J,SR,bug_report,14.592,4631.143,0.00149,0.000692
2026-08-19T11:57:36,JacksonDatabind-85,Defects4J,SR,bug_report,34.055,5793.79,0.002165,0.001006
2026-08-19T11:57:36,JacksonDatabind-86,Defects4J,SR,bug_report,14.655,4599.735,0.001489,0.000692
2026-08-19T11:57:36,JacksonDatabind-87,Defects4J,SR,bug_report,15.056,4762.995,0.001531,0.000711
2026-08-19T11:57:36,JacksonDatabind-88,Defects4J,SR,bug_report,27.643,5510.501,0.001969,0.000915
2026-08-19T11:57:36,JacksonDatabind-9,Defects4J,SR,bug_report,16.635,5228.676,0.00169,0.000785
2026-08-19T11:57:36,JacksonDatabind-90,Defects4J,SR,bug_report,27.48,5505.35,0.001969,0.000915
2026-08-19T11:57:36,JacksonDatabind-91,Defects4J,SR,bug_report,15.005,4870.266,0.001567,0.000728
2026-08-19T11:57:36,JacksonDatabind-92,Defects4J,SR,bug_report,14.761,4918.013,0.001569,0.000729
2026-08-19T11:57:36,JacksonDatabind-93,Defects4J,SR,bug_report,40.661,6433.348,0.00247,0.001148
2026-08-19T11:57:36,JacksonDatabind-94,Defects4J,SR,bug_report,13.032,4177.66,0.001334,0.00062
2026-08-19T11:57:36,JacksonDatabind-95,Defects4J,SR,bug_report,54.535,7325.23,0.002971,0.00138
2026-08-19T11:57:36,JacksonDatabind-96,Defects4J,SR,bug_report,35.298,5797.633,0.002192,0.001018
2026-08-19T11:57:36,JacksonDatabind-97,Defects4J,SR,bug_report,56.896,11081.791,0.004067,0.001889
2026-08-19T11:57:36,JacksonDatabind-98,Defects4J,SR,bug_report,88.843,17280.233,0.006371,0.00296
2026-08-19T11:57:36,JacksonDatabind-99,Defects4J,SR,bug_report,54.36,7116.336,0.002903,0.001348
2026-08-19T11:57:36,JacksonXml-1,Defects4J,SR,bug_report,14.29,4204.234,0.001365,0.000634
2026-08-19T11:57:36,JacksonXml-2,Defects4J,SR,bug_report,12.049,3418.41,0.001123,0.000522
2026-08-19T11:57:36,JacksonXml-3,Defects4J,SR,bug_report,13.726,3909.651,0.001274,0.000592
2026-08-19T11:57:36,JacksonXml-4,Defects4J,SR,bug_report,15.06,3970.432,0.001314,0.00061
2026-08-19T11:57:36,JacksonXml-5,Defects4J,SR,bug_report,12.113,3657.724,0.001168,0.000543
2026-08-19T11:57:36,JacksonXml-6,Defects4J,SR,bug_report,16.18,4835.663,0.001575,0.000732
2026-08-19T11:57:36,Jsoup-1,Defects4J,SR,bug_report,17.471,4930.964,0.00162,0.000752
2026-08-19T11:57:36,Jsoup-10,Defects4J,SR,bug_report,13.948,4450.541,0.001426,0.000662
2026-08-19T11:57:36,Jsoup-11,Defects4J,SR,bug_report,15.665,4816.594,0.001569,0.000729
2026-08-19T11:57:36,Jsoup-12,Defects4J,SR,bug_report,11.701,3505.071,0.001121,0.000521
2026-08-19T11:57:36,Jsoup-13,Defects4J,SR,bug_report,11.216,3284.299,0.00105,0.000488
2026-08-19T11:57:36,Jsoup-14,Defects4J,SR,bug_report,13.476,3811.573,0.001237,0.000575
2026-08-19T11:57:36,Jsoup-15,Defects4J,SR,bug_report,18.305,5263.585,0.001732,0.000805
2026-08-19T11:57:36,Jsoup-16,Defects4J,SR,bug_report,11.571,3249.274,0.001059,0.000492
2026-08-19T11:57:36,Jsoup-17,Defects4J,SR,bug_report,13.052,3511.755,0.001147,0.000533
2026-08-19T11:57:36,Jsoup-18,Defects4J,SR,bug_report,16.614,4799.33,0.001588,0.000738
2026-08-19T11:57:36,Jsoup-19,Defects4J,SR,bug_report,15.254,4289.2,0.001407,0.000654
2026-08-19T11:57:36,Jsoup-2,Defects4J,SR,bug_report,13.215,3786.019,0.001224,0.000569
2026-08-19T11:57:36,Jsoup-20,Defects4J,SR,bug_report,16.592,4220.345,0.001412,0.000656
2026-08-19T11:57:36,Jsoup-21,Defects4J,SR,bug_report,14.321,3643.175,0.001212,0.000563
2026-08-19T11:57:36,Jsoup-22,Defects4J,SR,bug_report,14.464,3803.217,0.001255,0.000583
2026-08-19T11:57:36,Jsoup-23,Defects4J,SR,bug_report,15.207,4293.961,0.001407,0.000654
2026-08-19T11:57:36,Jsoup-24,Defects4J,SR,bug_report,15.695,4006.451,0.001334,0.00062
2026-08-19T11:57:36,Jsoup-25,Defects4J,SR,bug_report,13.064,3579.623,0.001173,0.000545
2026-08-19T11:57:36,Jsoup-26,Defects4J,SR,bug_report,13.509,4275.147,0.001368,0.000636
2026-08-19T11:57:36,Jsoup-27,Defects4J,SR,bug_report,14.961,3960.42,0.001317,0.000612
2026-08-19T11:57:36,Jsoup-28,Defects4J,SR,bug_report,16.504,4717.964,0.001543,0.000717
2026-08-19T11:57:36,Jsoup-29,Defects4J,SR,bug_report,16.489,4651.845,0.001529,0.00071
2026-08-19T11:57:36,Jsoup-3,Defects4J,SR,bug_report,14.282,4075.602,0.00134,0.000623
2026-08-19T11:57:36,Jsoup-30,Defects4J,SR,bug_report,14.273,4642.772,0.001486,0.00069
2026-08-19T11:57:36,Jsoup-31,Defects4J,SR,bug_report,11.176,3636.94,0.001149,0.000534
2026-08-19T11:57:36,Jsoup-32,Defects4J,SR,bug_report,18.605,4396.38,0.001493,0.000693
2026-08-19T11:57:36,Jsoup-33,Defects4J,SR,bug_report,16.356,4717.9,0.00154,0.000715
2026-08-19T11:57:36,Jsoup-34,Defects4J,SR,bug_report,17.091,4499.7,0.001499,0.000696
2026-08-19T11:57:36,Jsoup-35,Defects4J,SR,bug_report,14.277,3925.247,0.0013,0.000604
2026-08-19T11:57:36,Jsoup-36,Defects4J,SR,bug_report,17.272,4867.155,0.001604,0.000745
2026-08-19T11:57:36,Jsoup-37,Defects4J,SR,bug_report,14.51,3954.216,0.001294,0.000601
2026-08-19T11:57:36,Jsoup-38,Defects4J,SR,bug_report,19.344,4795.523,0.001622,0.000754
2026-08-19T11:57:36,Jsoup-39,Defects4J,SR,bug_report,13.845,3801.775,0.001245,0.000578
2026-08-19T11:57:36,Jsoup-4,Defects4J,SR,bug_report,12.263,3602.101,0.001166,0.000542
2026-08-19T11:57:36,Jsoup-40,Defects4J,SR,bug_report,10.877,3563.209,0.00112,0.00052
2026-08-19T11:57:36,Jsoup-41,Defects4J,SR,bug_report,19.49,4389.908,0.001505,0.000699
2026-08-19T11:57:36,Jsoup-42,Defects4J,SR,bug_report,23.34,6291.272,0.002106,0.000978
2026-08-19T11:57:36,Jsoup-43,Defects4J,SR,bug_report,13.114,3541.209,0.00116,0.000539
2026-08-19T11:57:36,Jsoup-44,Defects4J,SR,bug_report,17.773,4743.56,0.001578,0.000733
2026-08-19T11:57:36,Jsoup-46,Defects4J,SR,bug_report,19.441,5508.85,0.001822,0.000846
2026-08-19T11:57:36,Jsoup-47,Defects4J,SR,bug_report,17.948,4477.341,0.001509,0.000701
2026-08-19T11:57:36,Jsoup-48,Defects4J,SR,bug_report,19.457,5476.487,0.001813,0.000842
2026-08-19T11:57:36,Jsoup-49,Defects4J,SR,bug_report,17.131,4564.988,0.001517,0.000705
2026-08-19T11:57:36,Jsoup-5,Defects4J,SR,bug_report,11.337,3451.823,0.001098,0.00051
2026-08-19T11:57:36,Jsoup-50,Defects4J,SR,bug_report,16.127,3976.698,0.001332,0.000619
2026-08-19T11:57:36,Jsoup-51,Defects4J,SR,bug_report,16.778,4683.19,0.00154,0.000715
2026-08-19T11:57:36,Jsoup-52,Defects4J,SR,bug_report,17.558,5356.637,0.001745,0.000811
2026-08-19T11:57:36,Jsoup-53,Defects4J,SR,bug_report,14.803,4077.715,0.001347,0.000626
2026-08-19T11:57:36,Jsoup-54,Defects4J,SR,bug_report,14.002,4283.605,0.001381,0.000642
2026-08-19T11:57:36,Jsoup-55,Defects4J,SR,bug_report,17.736,4365.84,0.001469,0.000683
2026-08-19T11:57:36,Jsoup-56,Defects4J,SR,bug_report,22.948,5927.106,0.002006,0.000932
2026-08-19T11:57:36,Jsoup-57,Defects4J,SR,bug_report,16.942,4622.035,0.001528,0.00071
2026-08-19T11:57:36,Jsoup-58,Defects4J,SR,bug_report,19.948,5138.972,0.001725,0.000802
2026-08-19T11:57:36,Jsoup-59,Defects4J,SR,bug_report,18.5,5063.963,0.001679,0.00078
2026-08-19T11:57:36,Jsoup-6,Defects4J,SR,bug_report,14.982,4353.623,0.001418,0.000659
2026-08-19T11:57:36,Jsoup-60,Defects4J,SR,bug_report,18.078,5145.386,0.001695,0.000788
2026-08-19T11:57:36,Jsoup-61,Defects4J,SR,bug_report,16.941,4261.744,0.001436,0.000667
2026-08-19T11:57:36,Jsoup-62,Defects4J,SR,bug_report,13.526,3601.372,0.001185,0.000551
2026-08-19T11:57:36,Jsoup-63,Defects4J,SR,bug_report,16.833,4600.351,0.001505,0.000699
2026-08-19T11:57:36,Jsoup-64,Defects4J,SR,bug_report,16.315,4441.304,0.001474,0.000685
2026-08-20T07:38:26,Chart-1,Defects4J,SR,bug_report,358.491,39122.046,0.021325,0.009907
2026-08-20T07:38:26,Chart-11,Defects4J,SR,bug_report,438.518,50704.111,0.02687,0.012483
2026-08-20T07:38:26,Chart-12,Defects4J,SR,bug_report,503.88,58656.751,0.030986,0.014396
2026-08-20T07:38:26,Chart-16,Defects4J,SR,bug_report,347.929,40317.681,0.021346,0.009917
2026-08-20T07:38:26,Chart-17,Defects4J,SR,bug_report,410.751,47650.09,0.025212,0.011713
2026-08-20T07:38:26,Chart-2,Defects4J,SR,bug_report,366.118,42392.997,0.022453,0.010431
2026-08-20T07:38:26,Chart-5,Defects4J,SR,bug_report,367.41,43942.188,0.022919,0.010648
2026-08-21T08:28:26,Chart-1,Defects4J,SR,bug_report,23.907,4162.577,0.001781,0.000828
2026-08-21T08:28:26,Chart-11,Defects4J,SR,bug_report,26.163,4237.753,0.001858,0.000863
2026-08-21T08:28:26,Chart-12,Defects4J,SR,bug_report,23.791,4674.659,0.001917,0.000891
2026-08-21T08:28:26,Chart-16,Defects4J,SR,bug_report,38.481,5430.305,0.002558,0.001188
2026-08-21T08:28:26,Chart-17,Defects4J,SR,bug_report,33.97,5255.813,0.00237,0.001101
2026-08-21T08:28:26,Chart-2,Defects4J,SR,bug_report,53.753,5932.634,0.003146,0.001462
2026-08-21T08:28:26,Chart-5,Defects4J,SR,bug_report,20.509,3533.028,0.001501,0.000697
2026-08-21T08:28:26,Chart-9,Defects4J,SR,bug_report,31.479,4391.753,0.002085,0.000969
2026-08-21T08:28:26,Cli-1,Defects4J,SR,bug_report,11.594,3352.265,0.001191,0.000553
2026-08-21T08:28:26,Cli-10,Defects4J,SR,bug_report,9.533,2990.434,0.001026,0.000477
2026-08-21T08:28:26,Cli-11,Defects4J,SR,bug_report,10.837,3276.195,0.001138,0.000529
2026-08-21T08:28:26,Cli-12,Defects4J,SR,bug_report,10.942,3251.81,0.001155,0.000537
2026-08-21T08:28:26,Cli-13,Defects4J,SR,bug_report,12.598,3602.372,0.001295,0.000602
2026-08-21T08:28:26,Cli-14,Defects4J,SR,bug_report,13.296,3790.98,0.001353,0.000629
2026-08-21T08:28:26,Cli-15,Defects4J,SR,bug_report,14.951,4334.18,0.001558,0.000724
2026-08-21T08:28:26,Cli-16,Defects4J,SR,bug_report,9.032,2652.321,0.000918,0.000426
2026-08-21T08:28:26,Cli-17,Defects4J,SR,bug_report,8.735,2658.336,0.00091,0.000423
2026-08-21T08:28:26,Cli-18,Defects4J,SR,bug_report,8.514,2665.69,0.000903,0.000419
2026-08-21T08:28:26,Cli-19,Defects4J,SR,bug_report,8.521,2664.843,0.000902,0.000419
2026-08-21T08:28:26,Cli-2,Defects4J,SR,bug_report,11.463,3608.369,0.001254,0.000582
2026-08-21T08:28:26,Cli-20,Defects4J,SR,bug_report,9.632,3038.394,0.001044,0.000485
2026-08-21T08:28:26,Cli-21,Defects4J,SR,bug_report,9.048,2855.958,0.000973,0.000452
2026-08-21T08:28:26,Cli-22,Defects4J,SR,bug_report,10.831,3335.549,0.001159,0.000539
2026-08-21T08:28:26,Cli-23,Defects4J,SR,bug_report,7.356,2452.599,0.000813,0.000378
2026-08-21T08:28:26,Cli-24,Defects4J,SR,bug_report,7.328,2452.845,0.000812,0.000377
2026-08-21T08:28:26,Cli-25,Defects4J,SR,bug_report,7.41,2368.845,0.000817,0.00038
2026-08-21T08:28:26,Cli-26,Defects4J,SR,bug_report,9.002,2843.955,0.000969,0.00045
2026-08-21T08:28:26,Cli-27,Defects4J,SR,bug_report,8.335,2633.526,0.000884,0.000411
2026-08-21T08:28:26,Cli-28,Defects4J,SR,bug_report,10.671,3175.628,0.001111,0.000516
2026-08-21T08:28:26,Cli-29,Defects4J,SR,bug_report,11.213,3400.975,0.001189,0.000553
2026-08-21T08:28:26,Cli-3,Defects4J,SR,bug_report,10.911,3349.037,0.00117,0.000544
2026-08-21T08:28:26,Cli-30,Defects4J,SR,bug_report,12.525,3787.733,0.00133,0.000618
2026-08-21T08:28:26,Cli-31,Defects4J,SR,bug_report,11.883,3769.21,0.001308,0.000608
2026-08-21T08:28:26,Cli-32,Defects4J,SR,bug_report,8.958,2905.94,0.000986,0.000458
2026-08-21T08:28:26,Cli-33,Defects4J,SR,bug_report,8.094,2572.873,0.00089,0.000414
2026-08-21T08:28:26,Cli-34,Defects4J,SR,bug_report,9.376,2818.203,0.000981,0.000456
2026-08-21T08:28:26,Cli-35,Defects4J,SR,bug_report,8.665,2744.234,0.000932,0.000433
2026-08-21T08:28:26,Cli-36,Defects4J,SR,bug_report,9.986,2969.203,0.001029,0.000478
2026-08-21T08:28:26,Cli-37,Defects4J,SR,bug_report,9.363,2878.341,0.000987,0.000459
2026-08-21T08:28:26,Cli-38,Defects4J,SR,bug_report,9.246,2804.801,0.000977,0.000454
2026-08-21T08:28:26,Cli-39,Defects4J,SR,bug_report,12.413,3874.634,0.00135,0.000627
2026-08-21T08:28:26,Cli-4,Defects4J,SR,bug_report,10.556,3267.862,0.001133,0.000526
2026-08-21T08:28:26,Cli-40,Defects4J,SR,bug_report,8.901,2708.96,0.00093,0.000432
2026-08-21T08:28:26,Cli-5,Defects4J,SR,bug_report,12.737,3808.814,0.001352,0.000628
2026-08-21T08:28:26,Cli-7,Defects4J,SR,bug_report,9.622,2804.377,0.000986,0.000458
2026-08-21T08:28:26,Cli-8,Defects4J,SR,bug_report,8.232,2669.877,0.000903,0.00042
2026-08-21T08:28:26,Cli-9,Defects4J,SR,bug_report,8.926,2786.324,0.000951,0.000442
2026-08-21T08:28:26,Closure-1,Defects4J,SR,bug_report,52.674,10233.543,0.004299,0.001997
2026-08-21T08:28:26,Closure-10,Defects4J,SR,bug_report,54.677,10731.114,0.004495,0.002088
2026-08-21T08:28:26,Closure-100,Defects4J,SR,bug_report,19.381,4885.181,0.001838,0.000854
2026-08-21T08:28:26,Closure-101,Defects4J,SR,bug_report,8.963,2851.179,0.000968,0.00045
2026-08-21T08:28:26,Closure-102,Defects4J,SR,bug_report,41.476,9725.918,0.003831,0.00178
2026-08-21T08:28:26,Closure-103,Defects4J,SR,bug_report,10.184,3250.984,0.001117,0.000519
2026-08-21T08:28:26,Closure-104,Defects4J,SR,bug_report,10.363,3288.78,0.001134,0.000527
2026-08-21T08:28:26,Closure-105,Defects4J,SR,bug_report,10.309,3327.211,0.001143,0.000531
2026-08-21T08:28:26,Closure-106,Defects4J,SR,bug_report,10.91,3507.766,0.00121,0.000562
2026-08-21T08:28:26,Closure-107,Defects4J,SR,bug_report,10.704,3362.834,0.001182,0.000549
2026-08-21T08:28:26,Closure-108,Defects4J,SR,bug_report,10.718,3392.013,0.00119,0.000553
2026-08-21T08:28:26,Closure-109,Defects4J,SR,bug_report,10.88,3467.479,0.001198,0.000556
2026-08-21T08:28:26,Closure-11,Defects4J,SR,bug_report,24.932,4940.168,0.002016,0.000937
2026-08-21T08:28:26,Closure-110,Defects4J,SR,bug_report,65.787,11324.696,0.00501,0.002328
2026-08-21T08:28:26,Closure-111,Defects4J,SR,bug_report,59.743,11798.676,0.004958,0.002303
2026-08-21T08:28:26,Closure-112,Defects4J,SR,bug_report,10.671,3347.251,0.001159,0.000539
2026-08-21T08:28:26,Closure-113,Defects4J,SR,bug_report,10.663,3319.803,0.001166,0.000542
2026-08-21T08:28:26,Closure-114,Defects4J,SR,bug_report,10.828,3345.461,0.001177,0.000547
2026-08-21T08:28:26,Closure-115,Defects4J,SR,bug_report,10.745,3425.038,0.001181,0.000549
2026-08-21T08:28:26,Closure-116,Defects4J,SR,bug_report,10.712,3433.012,0.001184,0.00055
2026-08-21T08:28:26,Closure-117,Defects4J,SR,bug_report,10.921,3500.537,0.001205,0.00056
2026-08-21T08:28:26,Closure-118,Defects4J,SR,bug_report,51.941,11365.508,0.004588,0.002132
2026-08-21T08:28:26,Closure-119,Defects4J,SR,bug_report,52.169,11233.406,0.00456,0.002118
2026-08-21T08:28:26,Closure-12,Defects4J,SR,bug_report,64.797,9609.461,0.00449,0.002086
2026-08-21T08:28:26,Closure-120,Defects4J,SR,bug_report,51.827,10976.154,0.004479,0.002081
2026-08-21T08:28:26,Closure-121,Defects4J,SR,bug_report,52.086,11144.87,0.004534,0.002106
2026-08-21T08:28:26,Closure-122,Defects4J,SR,bug_report,51.899,11117.474,0.004533,0.002106
2026-08-21T08:28:26,Closure-123,Defects4J,SR,bug_report,40.772,6432.809,0.002902,0.001348
2026-08-21T08:28:26,Closure-124,Defects4J,SR,bug_report,10.866,3393.726,0.001184,0.00055
2026-08-21T08:28:26,Closure-125,Defects4J,SR,bug_report,40.718,6407.139,0.002893,0.001344
2026-08-21T08:28:26,Closure-126,Defects4J,SR,bug_report,71.574,12647.552,0.005522,0.002565
2026-08-21T08:28:26,Closure-127,Defects4J,SR,bug_report,71.86,12759.973,0.005561,0.002583
2026-08-21T08:28:26,Closure-128,Defects4J,SR,bug_report,69.06,11905.606,0.005243,0.002436
2026-08-21T08:28:26,Closure-129,Defects4J,SR,bug_report,69.429,11952.752,0.005272,0.002449
2026-08-21T08:28:26,Closure-13,Defects4J,SR,bug_report,64.713,9609.987,0.004479,0.002081
2026-08-21T08:28:26,Closure-130,Defects4J,SR,bug_report,71.662,12581.785,0.005509,0.002559
2026-08-21T08:28:26,Closure-131,Defects4J,SR,bug_report,71.877,12730.608,0.00555,0.002578
2026-08-21T08:28:26,Closure-132,Defects4J,SR,bug_report,71.963,12721.967,0.005556,0.002581
2026-08-21T08:28:26,Closure-133,Defects4J,SR,bug_report,71.536,12693.325,0.005537,0.002572
2026-08-21T08:28:26,Closure-134,Defects4J,SR,bug_report,14.817,4473.813,0.00161,0.000748
2026-08-21T08:28:26,Closure-135,Defects4J,SR,bug_report,9.8,3111.279,0.001065,0.000495
2026-08-21T08:28:26,Closure-136,Defects4J,SR,bug_report,9.024,2889.179,0.000977,0.000454
2026-08-21T08:28:26,Closure-137,Defects4J,SR,bug_report,9.637,2861.886,0.00102,0.000474
2026-08-21T08:28:26,Closure-138,Defects4J,SR,bug_report,9.533,2911.498,0.001018,0.000473
2026-08-21T08:28:26,Closure-139,Defects4J,SR,bug_report,9.006,2897.403,0.000982,0.000456
2026-08-21T08:28:26,Closure-14,Defects4J,SR,bug_report,64.801,9832.442,0.004547,0.002112
2026-08-21T08:28:26,Closure-140,Defects4J,SR,bug_report,9.173,2847.518,0.000973,0.000452
2026-08-21T08:28:26,Closure-141,Defects4J,SR,bug_report,9.044,2832.913,0.000973,0.000452
2026-08-21T08:28:26,Closure-142,Defects4J,SR,bug_report,9.022,2783.863,0.000971,0.000451
2026-08-21T08:28:26,Closure-143,Defects4J,SR,bug_report,9.029,2854.841,0.000976,0.000453
2026-08-21T08:28:26,Closure-144,Defects4J,SR,bug_report,69.457,12824.992,0.005505,0.002557
2026-08-21T08:28:26,Closure-145,Defects4J,SR,bug_report,69.51,12661.279,0.005464,0.002539
2026-08-21T08:28:26,Closure-146,Defects4J,SR,bug_report,63.958,11989.487,0.005117,0.002377
2026-08-21T08:28:26,Closure-147,Defects4J,SR,bug_report,64.193,12066.71,0.005147,0.002391
2026-08-21T08:28:26,Closure-148,Defects4J,SR,bug_report,61.854,11408.275,0.004906,0.002279
2026-08-21T08:28:26,Closure-149,Defects4J,SR,bug_report,68.867,12350.713,0.005355,0.002488
2026-08-21T08:28:26,Closure-15,Defects4J,SR,bug_report,65.239,9670.095,0.004518,0.002099
2026-08-21T08:28:26,Closure-150,Defects4J,SR,bug_report,18.032,4377.323,0.001659,0.000771
2026-08-21T08:28:26,Closure-151,Defects4J,SR,bug_report,18.742,4615.162,0.001756,0.000816
2026-08-21T08:28:26,Closure-152,Defects4J,SR,bug_report,57.405,10491.414,0.00451,0.002095
2026-08-21T08:28:26,Closure-153,Defects4J,SR,bug_report,57.612,10301.153,0.004466,0.002075
2026-08-21T08:28:26,Closure-154,Defects4J,SR,bug_report,70.49,11560.523,0.005185,0.002409
2026-08-21T08:28:26,Closure-155,Defects4J,SR,bug_report,58.101,10094.967,0.004422,0.002054
2026-08-21T08:28:26,Closure-156,Defects4J,SR,bug_report,60.953,11028.824,0.004763,0.002213
2026-08-21T08:28:26,Closure-157,Defects4J,SR,bug_report,71.071,11588.817,0.005214,0.002423
2026-08-21T08:28:26,Closure-158,Defects4J,SR,bug_report,71.735,11540.12,0.005244,0.002436
2026-08-21T08:28:26,Closure-159,Defects4J,SR,bug_report,26.52,5534.574,0.002232,0.001037
2026-08-21T08:28:26,Closure-16,Defects4J,SR,bug_report,64.852,9663.062,0.004503,0.002092
2026-08-21T08:28:26,Closure-160,Defects4J,SR,bug_report,74.484,11674.85,0.005348,0.002484
2026-08-21T08:28:26,Closure-161,Defects4J,SR,bug_report,75.804,11867.844,0.005432,0.002524
2026-08-21T08:28:26,Closure-162,Defects4J,SR,bug_report,69.401,11231.063,0.005061,0.002351
2026-08-21T08:28:26,Closure-163,Defects4J,SR,bug_report,63.998,11117.133,0.004874,0.002264
2026-08-21T08:28:26,Closure-164,Defects4J,SR,bug_report,64.886,11196.024,0.004925,0.002288
2026-08-21T08:28:26,Closure-165,Defects4J,SR,bug_report,61.425,8645.785,0.004119,0.001914
2026-08-21T08:28:26,Closure-166,Defects4J,SR,bug_report,64.488,9394.523,0.004418,0.002052
2026-08-21T08:28:26,Closure-167,Defects4J,SR,bug_report,65.076,9418.73,0.004439,0.002062
2026-08-21T08:28:26,Closure-168,Defects4J,SR,bug_report,64.719,9353.492,0.004418,0.002053
2026-08-21T08:28:26,Closure-169,Defects4J,SR,bug_report,60.83,10847.362,0.004711,0.002189
2026-08-21T08:28:26,Closure-17,Defects4J,SR,bug_report,64.791,9535.351,0.004466,0.002075
2026-08-21T08:28:26,Closure-170,Defects4J,SR,bug_report,26.064,4937.821,0.002058,0.000956
2026-08-21T08:28:26,Closure-171,Defects4J,SR,bug_report,51.786,11014.349,0.00449,0.002086
2026-08-21T08:28:26,Closure-172,Defects4J,SR,bug_report,51.809,11131.73,0.004524,0.002102
2026-08-21T08:28:26,Closure-173,Defects4J,SR,bug_report,51.984,11159.385,0.004535,0.002107
2026-08-21T08:28:26,Closure-174,Defects4J,SR,bug_report,10.611,3355.717,0.001157,0.000537
2026-08-21T08:28:26,Closure-175,Defects4J,SR,bug_report,10.661,3373.567,0.001171,0.000544
2026-08-21T08:28:26,Closure-176,Defects4J,SR,bug_report,10.681,3418.51,0.001179,0.000548
2026-08-21T08:28:26,Closure-18,Defects4J,SR,bug_report,65.145,9840.76,0.004559,0.002118
2026-08-21T08:28:26,Closure-19,Defects4J,SR,bug_report,64.697,9446.124,0.004443,0.002064
2026-08-21T08:28:26,Closure-2,Defects4J,SR,bug_report,52.233,9757.812,0.004158,0.001932
2026-08-21T08:28:26,Closure-20,Defects4J,SR,bug_report,96.328,14600.674,0.006796,0.003157
2026-08-21T08:28:26,Closure-21,Defects4J,SR,bug_report,96.526,14512.468,0.00677,0.003145
2026-08-21T08:28:26,Closure-22,Defects4J,SR,bug_report,96.439,14533.97,0.006777,0.003149
2026-08-21T08:28:26,Closure-23,Defects4J,SR,bug_report,49.309,7725.55,0.003513,0.001632
2026-08-21T08:28:26,Closure-24,Defects4J,SR,bug_report,61.371,8574.146,0.004099,0.001905
2026-08-21T08:28:26,Closure-25,Defects4J,SR,bug_report,61.25,8517.565,0.00408,0.001896
2026-08-21T08:28:26,Closure-26,Defects4J,SR,bug_report,61.623,8546.063,0.004099,0.001904
2026-08-21T08:28:26,Closure-27,Defects4J,SR,bug_report,61.179,8506.555,0.004071,0.001891
2026-08-21T08:28:26,Closure-28,Defects4J,SR,bug_report,61.317,8520.892,0.004078,0.001894
2026-08-21T08:28:26,Closure-29,Defects4J,SR,bug_report,61.212,8514.383,0.004074,0.001893
2026-08-21T08:28:26,Closure-3,Defects4J,SR,bug_report,71.58,12494.402,0.005502,0.002556
2026-08-21T08:28:26,Closure-30,Defects4J,SR,bug_report,35.552,6526.118,0.002785,0.001294
2026-08-21T08:28:26,Closure-31,Defects4J,SR,bug_report,35.451,6589.092,0.00279,0.001296
2026-08-21T08:28:26,Closure-32,Defects4J,SR,bug_report,36.787,6987.714,0.002936,0.001364
2026-08-21T08:28:26,Closure-33,Defects4J,SR,bug_report,65.612,11319.703,0.004997,0.002322
2026-08-21T08:28:26,Closure-34,Defects4J,SR,bug_report,65.514,11288.971,0.004968,0.002308
2026-08-21T08:28:26,Closure-35,Defects4J,SR,bug_report,65.379,11230.549,0.00495,0.0023
2026-08-21T08:28:26,Closure-36,Defects4J,SR,bug_report,65.118,11225.759,0.00494,0.002295
2026-08-21T08:28:26,Closure-37,Defects4J,SR,bug_report,53.098,10370.477,0.004349,0.002021
2026-08-21T08:28:26,Closure-38,Defects4J,SR,bug_report,64.998,11206.295,0.004933,0.002292
2026-08-21T08:28:26,Closure-39,Defects4J,SR,bug_report,65.056,11174.211,0.004926,0.002288
2026-08-21T08:28:26,Closure-4,Defects4J,SR,bug_report,71.496,12686.493,0.005532,0.00257
2026-08-21T08:28:26,Closure-40,Defects4J,SR,bug_report,65.046,11226.761,0.004941,0.002295
2026-08-21T08:28:26,Closure-41,Defects4J,SR,bug_report,64.937,11224.379,0.004931,0.002291
2026-08-21T08:28:26,Closure-42,Defects4J,SR,bug_report,64.801,11225.644,0.004932,0.002291
2026-08-21T08:28:26,Closure-43,Defects4J,SR,bug_report,64.985,11260.401,0.004946,0.002298
2026-08-21T08:28:26,Closure-44,Defects4J,SR,bug_report,27.691,5660.011,0.002309,0.001073
2026-08-21T08:28:26,Closure-45,Defects4J,SR,bug_report,27.832,5778.514,0.002337,0.001086
2026-08-21T08:28:26,Closure-46,Defects4J,SR,bug_report,64.129,11284.332,0.004924,0.002288
2026-08-21T08:28:26,Closure-47,Defects4J,SR,bug_report,64.002,11129.566,0.004881,0.002268
2026-08-21T08:28:26,Closure-48,Defects4J,SR,bug_report,63.848,11107.183,0.004865,0.00226
2026-08-21T08:28:26,Closure-49,Defects4J,SR,bug_report,65.706,11268.077,0.004967,0.002308
2026-08-21T08:28:26,Closure-5,Defects4J,SR,bug_report,60.279,10744.497,0.004683,0.002176
2026-08-21T08:28:26,Closure-50,Defects4J,SR,bug_report,65.731,11308.574,0.004982,0.002314
2026-08-21T08:28:26,Closure-51,Defects4J,SR,bug_report,65.829,11263.595,0.004963,0.002306
2026-08-21T08:28:26,Closure-52,Defects4J,SR,bug_report,65.426,11243.912,0.004951,0.0023
2026-08-21T08:28:26,Closure-53,Defects4J,SR,bug_report,64.674,11181.945,0.004915,0.002283
2026-08-21T08:28:26,Closure-54,Defects4J,SR,bug_report,69.258,11257.169,0.005069,0.002355
2026-08-21T08:28:26,Closure-55,Defects4J,SR,bug_report,69.539,11238.498,0.005078,0.002359
2026-08-21T08:28:26,Closure-56,Defects4J,SR,bug_report,69.157,11229.565,0.00506,0.002351
2026-08-21T08:28:26,Closure-57,Defects4J,SR,bug_report,69.293,11259.433,0.005067,0.002354
2026-08-21T08:28:26,Closure-58,Defects4J,SR,bug_report,69.319,11217.187,0.005074,0.002357
2026-08-21T08:28:26,Closure-59,Defects4J,SR,bug_report,62.5,10744.33,0.00473,0.002197
2026-08-21T08:28:26,Closure-6,Defects4J,SR,bug_report,70.39,12403.68,0.00544,0.002527
2026-08-21T08:28:26,Closure-60,Defects4J,SR,bug_report,61.873,10717.226,0.004703,0.002185
2026-08-21T08:28:26,Closure-61,Defects4J,SR,bug_report,61.782,10613.501,0.004693,0.00218
2026-08-21T08:28:26,Closure-62,Defects4J,SR,bug_report,61.98,10690.533,0.004709,0.002188
2026-08-21T08:28:26,Closure-64,Defects4J,SR,bug_report,74.695,11946.893,0.005419,0.002518
2026-08-21T08:28:26,Closure-65,Defects4J,SR,bug_report,74.493,11842.975,0.005391,0.002504
2026-08-21T08:28:26,Closure-66,Defects4J,SR,bug_report,74.254,11823.27,0.005374,0.002497
2026-08-21T08:28:26,Closure-67,Defects4J,SR,bug_report,74.29,11917.512,0.005399,0.002508
2026-08-21T08:28:26,Closure-68,Defects4J,SR,bug_report,74.639,11977.547,0.005427,0.002521
2026-08-21T08:28:26,Closure-69,Defects4J,SR,bug_report,74.593,11856.526,0.005413,0.002515
2026-08-21T08:28:26,Closure-7,Defects4J,SR,bug_report,61.076,11033.243,0.004778,0.00222
2026-08-21T08:28:26,Closure-70,Defects4J,SR,bug_report,74.445,11930.101,0.005409,0.002513
2026-08-21T08:28:26,Closure-71,Defects4J,SR,bug_report,60.555,10568.507,0.004623,0.002148
2026-08-21T08:28:26,Closure-72,Defects4J,SR,bug_report,72.548,11762.364,0.005304,0.002464
2026-08-21T08:28:26,Closure-73,Defects4J,SR,bug_report,26.699,5541.53,0.002236,0.001039
2026-08-21T08:28:26,Closure-74,Defects4J,SR,bug_report,19.718,4794.205,0.001827,0.000849
2026-08-21T08:28:26,Closure-75,Defects4J,SR,bug_report,71.286,11785.45,0.005273,0.00245
2026-08-21T08:28:26,Closure-76,Defects4J,SR,bug_report,57.706,10087.364,0.004407,0.002047
2026-08-21T08:28:26,Closure-77,Defects4J,SR,bug_report,57.581,10040.525,0.0044,0.002044
2026-08-21T08:28:26,Closure-78,Defects4J,SR,bug_report,57.826,10131.325,0.00442,0.002054
2026-08-21T08:28:26,Closure-79,Defects4J,SR,bug_report,70.577,11572.548,0.005194,0.002413
2026-08-21T08:28:26,Closure-8,Defects4J,SR,bug_report,71.112,12687.856,0.005525,0.002567
2026-08-21T08:28:26,Closure-80,Defects4J,SR,bug_report,70.394,11553.858,0.005182,0.002408
2026-08-21T08:28:26,Closure-81,Defects4J,SR,bug_report,60.588,10951.879,0.004729,0.002197
2026-08-21T08:28:26,Closure-82,Defects4J,SR,bug_report,9.053,2839.032,0.000973,0.000452
2026-08-21T08:28:26,Closure-83,Defects4J,SR,bug_report,25.679,5521.579,0.002199,0.001022
2026-08-21T08:28:26,Closure-84,Defects4J,SR,bug_report,25.913,5563.093,0.002213,0.001028
2026-08-21T08:28:26,Closure-85,Defects4J,SR,bug_report,59.879,11107.584,0.004746,0.002205
2026-08-21T08:28:26,Closure-86,Defects4J,SR,bug_report,25.607,5435.013,0.002185,0.001015
2026-08-21T08:28:26,Closure-87,Defects4J,SR,bug_report,57.271,10348.875,0.004468,0.002076
2026-08-21T08:28:26,Closure-88,Defects4J,SR,bug_report,57.459,10273.502,0.004462,0.002073
2026-08-21T08:28:26,Closure-89,Defects4J,SR,bug_report,64.747,11485.711,0.005002,0.002324
2026-08-21T08:28:26,Closure-9,Defects4J,SR,bug_report,70.977,12618.473,0.005513,0.002561
2026-08-21T08:28:26,Closure-90,Defects4J,SR,bug_report,56.811,10243.01,0.004425,0.002056
2026-08-21T08:28:26,Closure-91,Defects4J,SR,bug_report,57.701,10468.698,0.004511,0.002096
2026-08-21T08:28:26,Closure-92,Defects4J,SR,bug_report,57.583,10465.98,0.004509,0.002095
2026-08-21T08:28:26,Closure-94,Defects4J,SR,bug_report,65.191,11593.067,0.005041,0.002342
2026-08-21T08:28:26,Closure-95,Defects4J,SR,bug_report,18.123,4357.358,0.001687,0.000784
2026-08-21T08:28:26,Closure-96,Defects4J,SR,bug_report,19.307,4850.06,0.001829,0.00085
2026-08-21T08:28:26,Closure-97,Defects4J,SR,bug_report,16.092,3994.781,0.001498,0.000696
2026-08-21T08:28:26,Closure-98,Defects4J,SR,bug_report,69.127,12881.131,0.005515,0.002562
2026-08-21T08:28:26,Closure-99,Defects4J,SR,bug_report,69.111,12712.29,0.005469,0.002541
2026-08-21T08:28:26,Codec-1,Defects4J,SR,bug_report,8.205,2377.088,0.000825,0.000383
2026-08-21T08:28:26,Codec-10,Defects4J,SR,bug_report,8.719,2619.931,0.000902,0.000419
2026-08-21T08:28:26,Codec-11,Defects4J,SR,bug_report,10.837,3272.297,0.001137,0.000528
2026-08-21T08:28:26,Codec-12,Defects4J,SR,bug_report,11.469,3275.517,0.001163,0.00054
2026-08-21T08:28:26,Codec-13,Defects4J,SR,bug_report,10.034,3211.261,0.001097,0.00051
2026-08-21T08:28:26,Codec-14,Defects4J,SR,bug_report,12.033,3425.294,0.00122,0.000567
2026-08-21T08:28:26,Codec-15,Defects4J,SR,bug_report,13.368,3604.787,0.001316,0.000611
2026-08-21T08:28:26,Codec-16,Defects4J,SR,bug_report,12.131,3193.826,0.001156,0.000537
2026-08-21T08:28:26,Codec-17,Defects4J,SR,bug_report,10.451,2632.91,0.000959,0.000445
2026-08-21T08:28:26,Codec-18,Defects4J,SR,bug_report,9.977,2936.256,0.001028,0.000477
2026-08-21T08:28:26,Codec-2,Defects4J,SR,bug_report,12.233,3528.938,0.001252,0.000582
2026-08-21T08:28:26,Codec-3,Defects4J,SR,bug_report,10.329,3323.923,0.001142,0.000531
2026-08-21T08:28:26,Codec-4,Defects4J,SR,bug_report,9.857,3016.217,0.001047,0.000486
2026-08-21T08:28:26,Codec-5,Defects4J,SR,bug_report,11.951,3541.975,0.001246,0.000579
2026-08-21T08:28:26,Codec-6,Defects4J,SR,bug_report,10.869,3248.573,0.001136,0.000528
2026-08-21T08:28:26,Codec-7,Defects4J,SR,bug_report,12.662,3676.757,0.001311,0.000609
2026-08-21T08:28:26,Codec-8,Defects4J,SR,bug_report,12.244,3581.388,0.00127,0.00059
2026-08-21T08:28:26,Codec-9,Defects4J,SR,bug_report,10.811,3192.639,0.001114,0.000518
2026-08-21T08:28:26,Collections-1,Defects4J,SR,bug_report,8.841,2888.175,0.000975,0.000453
2026-08-21T08:28:26,Collections-10,Defects4J,SR,bug_report,7.296,2394.527,0.000798,0.000371
2026-08-21T08:28:26,Collections-11,Defects4J,SR,bug_report,10.419,3313.346,0.001145,0.000532
2026-08-21T08:28:26,Collections-12,Defects4J,SR,bug_report,6.456,2182.549,0.000712,0.000331
2026-08-21T08:28:26,Collections-13,Defects4J,SR,bug_report,6.888,2384.222,0.000759,0.000352
2026-08-21T08:28:26,Collections-14,Defects4J,SR,bug_report,6.843,2302.619,0.000756,0.000351
2026-08-21T08:28:26,Collections-15,Defects4J,SR,bug_report,7.648,2537.262,0.000844,0.000392
2026-08-21T08:28:26,Collections-16,Defects4J,SR,bug_report,8.732,2840.653,0.00096,0.000446
2026-08-21T08:28:26,Collections-17,Defects4J,SR,bug_report,9.702,3118.49,0.001061,0.000493
2026-08-21T08:28:26,Collections-18,Defects4J,SR,bug_report,8.601,2815.436,0.00095,0.000441
2026-08-21T08:28:26,Collections-19,Defects4J,SR,bug_report,8.715,2842.241,0.000965,0.000448
2026-08-21T08:28:26,Collections-2,Defects4J,SR,bug_report,6.91,2300.945,0.000758,0.000352
2026-08-21T08:28:26,Collections-20,Defects4J,SR,bug_report,20.278,4301.66,0.001703,0.000791
2026-08-21T08:28:26,Collections-21,Defects4J,SR,bug_report,7.782,2538.098,0.00085,0.000395
2026-08-21T08:28:26,Collections-22,Defects4J,SR,bug_report,9.478,2964.505,0.001035,0.000481
2026-08-21T08:28:26,Collections-23,Defects4J,SR,bug_report,17.548,3499.957,0.001423,0.000661
2026-08-21T08:28:26,Collections-24,Defects4J,SR,bug_report,16.573,3876.288,0.00148,0.000687
2026-08-21T08:28:26,Collections-25,Defects4J,SR,bug_report,22.972,4073.511,0.001738,0.000807
2026-08-21T08:28:26,Collections-26,Defects4J,SR,bug_report,19.455,3750.708,0.001532,0.000712
2026-08-21T08:28:26,Collections-27,Defects4J,SR,bug_report,21.963,3713.116,0.001595,0.000741
2026-08-21T08:28:26,Collections-28,Defects4J,SR,bug_report,35.485,5314.781,0.002438,0.001133
2026-08-21T08:28:26,Collections-3,Defects4J,SR,bug_report,8.098,2541.598,0.000868,0.000403
2026-08-21T08:28:26,Collections-4,Defects4J,SR,bug_report,8.209,2602.036,0.000882,0.00041
2026-08-21T08:28:26,Collections-5,Defects4J,SR,bug_report,6.922,2171.215,0.000748,0.000347
2026-08-21T08:28:26,Collections-6,Defects4J,SR,bug_report,7.696,2420.915,0.00084,0.00039
2026-08-21T08:28:26,Collections-7,Defects4J,SR,bug_report,11.782,3678.805,0.001281,0.000595
2026-08-21T08:28:26,Collections-8,Defects4J,SR,bug_report,8.35,2712.25,0.000908,0.000422
2026-08-21T08:28:26,Collections-9,Defects4J,SR,bug_report,6.371,2152.936,0.0007,0.000325
2026-08-21T08:28:26,Compress-1,Defects4J,SR,bug_report,9.539,2877.729,0.000996,0.000463
2026-08-21T08:28:26,Compress-10,Defects4J,SR,bug_report,11.71,3675.212,0.001285,0.000597
2026-08-21T08:28:26,Compress-11,Defects4J,SR,bug_report,16.635,4182.8,0.001563,0.000726
2026-08-21T08:28:26,Compress-12,Defects4J,SR,bug_report,13.118,3745.474,0.001345,0.000625
2026-08-21T08:28:26,Compress-13,Defects4J,SR,bug_report,13.683,3519.621,0.001295,0.000602
2026-08-21T08:28:26,Compress-14,Defects4J,SR,bug_report,12.665,3407.647,0.001227,0.00057
2026-08-21T08:28:26,Compress-15,Defects4J,SR,bug_report,9.612,3088.071,0.001052,0.000489
2026-08-21T08:28:26,Compress-16,Defects4J,SR,bug_report,11.335,3002.709,0.001083,0.000503
2026-08-21T08:28:26,Compress-17,Defects4J,SR,bug_report,12.583,3352.378,0.001216,0.000565
2026-08-21T08:28:26,Compress-18,Defects4J,SR,bug_report,10.065,2833.396,0.000994,0.000462
2026-08-21T08:28:26,Compress-19,Defects4J,SR,bug_report,9.797,3152.178,0.001076,0.0005
2026-08-21T08:28:26,Compress-2,Defects4J,SR,bug_report,7.83,2363.048,0.0008,0.000372
2026-08-21T08:28:26,Compress-20,Defects4J,SR,bug_report,7.573,2516.943,0.000835,0.000388
2026-08-21T08:28:26,Compress-21,Defects4J,SR,bug_report,14.173,3653.935,0.001337,0.000621
2026-08-21T08:28:26,Compress-22,Defects4J,SR,bug_report,10.196,3225.2,0.001115,0.000518
2026-08-21T08:28:26,Compress-23,Defects4J,SR,bug_report,13.046,3317.45,0.001215,0.000565
2026-08-21T08:28:26,Compress-24,Defects4J,SR,bug_report,16.312,4231.704,0.001572,0.00073
2026-08-21T08:28:26,Compress-25,Defects4J,SR,bug_report,15.859,4396.142,0.001604,0.000745
2026-08-21T08:28:26,Compress-26,Defects4J,SR,bug_report,15.818,3816.645,0.001438,0.000668
2026-08-21T08:28:26,Compress-27,Defects4J,SR,bug_report,20.325,4335.077,0.001713,0.000796
2026-08-21T08:28:26,Compress-28,Defects4J,SR,bug_report,15.116,3572.668,0.001353,0.000628
2026-08-21T08:28:26,Compress-29,Defects4J,SR,bug_report,17.742,3886.751,0.001515,0.000704
2026-08-21T08:28:26,Compress-3,Defects4J,SR,bug_report,8.158,2547.7,0.000865,0.000402
2026-08-21T08:28:26,Compress-30,Defects4J,SR,bug_report,11.85,3729.421,0.001303,0.000605
2026-08-21T08:28:26,Compress-31,Defects4J,SR,bug_report,18.729,4590.726,0.001737,0.000807
2026-08-21T08:28:26,Compress-32,Defects4J,SR,bug_report,20.933,4548.406,0.00179,0.000832
2026-08-21T08:28:26,Compress-33,Defects4J,SR,bug_report,13.274,3441.146,0.001282,0.000596
2026-08-21T08:28:26,Compress-34,Defects4J,SR,bug_report,17.656,4525.654,0.001691,0.000785
2026-08-21T08:28:26,Compress-35,Defects4J,SR,bug_report,12.567,2993.21,0.001117,0.000519
2026-08-21T08:28:26,Compress-36,Defects4J,SR,bug_report,14.614,3554.162,0.001329,0.000617
2026-08-21T08:28:26,Compress-37,Defects4J,SR,bug_report,12.179,3181.665,0.001153,0.000536
2026-08-21T08:28:26,Compress-38,Defects4J,SR,bug_report,15.096,3714.914,0.001384,0.000643
2026-08-21T08:28:26,Compress-39,Defects4J,SR,bug_report,10.988,3148.373,0.001113,0.000517
2026-08-21T08:28:26,Compress-4,Defects4J,SR,bug_report,8.283,2578.219,0.000878,0.000408
2026-08-21T08:28:26,Compress-40,Defects4J,SR,bug_report,15.382,3829.745,0.001429,0.000664
2026-08-21T08:28:26,Compress-41,Defects4J,SR,bug_report,15.708,4194.957,0.001537,0.000714
2026-08-21T08:28:26,Compress-42,Defects4J,SR,bug_report,11.16,3557.872,0.001231,0.000572
2026-08-21T08:28:26,Compress-43,Defects4J,SR,bug_report,12.062,3827.697,0.001333,0.000619
2026-08-21T08:28:26,Compress-44,Defects4J,SR,bug_report,18.551,3774.923,0.001506,0.0007
2026-08-21T08:28:26,Compress-45,Defects4J,SR,bug_report,17.245,3698.173,0.001468,0.000682
2026-08-21T08:28:26,Compress-46,Defects4J,SR,bug_report,14.452,3604.974,0.001357,0.00063
2026-08-21T08:28:26,Compress-47,Defects4J,SR,bug_report,12.0,3720.417,0.001312,0.000609
2026-08-21T08:28:26,Compress-5,Defects4J,SR,bug_report,8.473,2649.496,0.000901,0.000419
2026-08-21T08:28:26,Compress-6,Defects4J,SR,bug_report,11.707,3225.424,0.00116,0.000539
2026-08-21T08:28:26,Compress-7,Defects4J,SR,bug_report,13.533,3613.23,0.001336,0.000621
2026-08-21T08:28:26,Compress-8,Defects4J,SR,bug_report,15.246,3983.839,0.001468,0.000682
2026-08-21T08:28:26,Compress-9,Defects4J,SR,bug_report,13.369,3672.865,0.001328,0.000617
2026-08-21T08:28:26,Csv-1,Defects4J,SR,bug_report,8.505,2724.939,0.000923,0.000429
2026-08-21T08:28:26,Csv-10,Defects4J,SR,bug_report,10.095,3057.232,0.001064,0.000494
2026-08-21T08:28:26,Csv-11,Defects4J,SR,bug_report,12.281,3710.603,0.001304,0.000606
2026-08-21T08:28:26,Csv-12,Defects4J,SR,bug_report,9.561,2917.627,0.001007,0.000468
2026-08-21T08:28:26,Csv-13,Defects4J,SR,bug_report,7.653,2470.06,0.00082,0.000381
2026-08-21T08:28:26,Csv-14,Defects4J,SR,bug_report,10.465,3207.947,0.001109,0.000515
2026-08-21T08:28:26,Csv-15,Defects4J,SR,bug_report,8.294,2617.597,0.000902,0.000419
2026-08-21T08:28:26,Csv-16,Defects4J,SR,bug_report,9.469,2996.325,0.001025,0.000476
2026-08-21T08:28:26,Csv-2,Defects4J,SR,bug_report,7.677,2465.311,0.000826,0.000384
2026-08-21T08:28:26,Csv-3,Defects4J,SR,bug_report,7.205,2346.486,0.000784,0.000364
2026-08-21T08:28:26,Csv-4,Defects4J,SR,bug_report,9.172,2837.618,0.000974,0.000452
2026-08-21T08:28:26,Csv-5,Defects4J,SR,bug_report,9.421,2906.828,0.001016,0.000472
2026-08-21T08:28:26,Csv-6,Defects4J,SR,bug_report,9.536,2916.822,0.00103,0.000479
2026-08-21T08:28:26,Csv-7,Defects4J,SR,bug_report,11.33,3465.594,0.00121,0.000562
2026-08-21T08:28:26,Csv-8,Defects4J,SR,bug_report,7.834,2463.061,0.00083,0.000386
2026-08-21T08:28:26,Csv-9,Defects4J,SR,bug_report,12.049,3741.079,0.001304,0.000606
2026-08-21T08:28:26,Gson-1,Defects4J,SR,bug_report,10.607,2759.872,0.000996,0.000463
2026-08-21T08:28:26,Gson-10,Defects4J,SR,bug_report,10.026,3241.546,0.00111,0.000516
2026-08-21T08:28:26,Gson-11,Defects4J,SR,bug_report,6.95,2317.955,0.000768,0.000357
2026-08-21T08:28:26,Gson-12,Defects4J,SR,bug_report,9.071,2628.602,0.00091,0.000423
2026-08-21T08:28:26,Gson-13,Defects4J,SR,bug_report,10.972,3473.983,0.0012,0.000558
2026-08-21T08:28:26,Gson-14,Defects4J,SR,bug_report,9.877,2875.426,0.000997,0.000463
2026-08-21T08:28:26,Gson-15,Defects4J,SR,bug_report,9.176,2874.435,0.000981,0.000456
2026-08-21T08:28:26,Gson-16,Defects4J,SR,bug_report,8.941,2921.122,0.000989,0.000459
2026-08-21T08:28:26,Gson-17,Defects4J,SR,bug_report,11.83,3342.24,0.001191,0.000553
2026-08-21T08:28:26,Gson-18,Defects4J,SR,bug_report,8.069,2590.741,0.000888,0.000413
2026-08-21T08:28:26,Gson-2,Defects4J,SR,bug_report,8.046,2661.085,0.000891,0.000414
2026-08-21T08:28:26,Gson-3,Defects4J,SR,bug_report,9.095,2659.136,0.000917,0.000426
2026-08-21T08:28:26,Gson-4,Defects4J,SR,bug_report,9.411,2950.438,0.001012,0.00047
2026-08-21T08:28:26,Gson-5,Defects4J,SR,bug_report,13.853,3941.366,0.001417,0.000658
2026-08-21T08:28:26,Gson-6,Defects4J,SR,bug_report,12.705,3850.555,0.001352,0.000628
2026-08-21T08:28:26,Gson-7,Defects4J,SR,bug_report,8.309,2407.727,0.000826,0.000384
2026-08-21T08:28:26,Gson-8,Defects4J,SR,bug_report,12.702,3532.734,0.001269,0.000589
2026-08-21T08:28:26,Gson-9,Defects4J,SR,bug_report,8.442,2542.749,0.000866,0.000402
2026-08-21T08:28:26,JacksonCore-1,Defects4J,SR,bug_report,14.307,3456.318,0.001296,0.000602
2026-08-21T08:28:26,JacksonCore-10,Defects4J,SR,bug_report,9.196,2972.922,0.001011,0.000469
2026-08-21T08:28:26,JacksonCore-11,Defects4J,SR,bug_report,13.484,3743.057,0.00135,0.000627
2026-08-21T08:28:26,JacksonCore-12,Defects4J,SR,bug_report,17.337,4014.218,0.001544,0.000717
2026-08-21T08:28:26,JacksonCore-13,Defects4J,SR,bug_report,12.33,3104.014,0.001137,0.000528
2026-08-21T08:28:26,JacksonCore-14,Defects4J,SR,bug_report,10.768,2892.168,0.001036,0.000481
2026-08-21T08:28:26,JacksonCore-15,Defects4J,SR,bug_report,12.238,3045.69,0.001122,0.000521
2026-08-21T08:28:26,JacksonCore-16,Defects4J,SR,bug_report,11.799,2768.283,0.001044,0.000485
2026-08-21T08:28:26,JacksonCore-17,Defects4J,SR,bug_report,13.397,3383.973,0.001245,0.000578
2026-08-21T08:28:26,JacksonCore-18,Defects4J,SR,bug_report,7.952,2334.757,0.000795,0.000369
2026-08-21T08:28:26,JacksonCore-19,Defects4J,SR,bug_report,8.061,2350.937,0.000807,0.000375
2026-08-21T08:28:26,JacksonCore-2,Defects4J,SR,bug_report,9.727,2692.458,0.000949,0.000441
2026-08-21T08:28:26,JacksonCore-20,Defects4J,SR,bug_report,12.974,3171.663,0.00118,0.000548
2026-08-21T08:28:26,JacksonCore-21,Defects4J,SR,bug_report,12.468,2935.515,0.001109,0.000515
2026-08-21T08:28:26,JacksonCore-22,Defects4J,SR,bug_report,11.352,2633.037,0.000982,0.000456
2026-08-21T08:28:26,JacksonCore-23,Defects4J,SR,bug_report,9.187,2594.614,0.000907,0.000421
2026-08-21T08:28:26,JacksonCore-24,Defects4J,SR,bug_report,12.365,3072.713,0.001144,0.000532
2026-08-21T08:28:26,JacksonCore-25,Defects4J,SR,bug_report,14.804,3665.448,0.001367,0.000635
2026-08-21T08:28:26,JacksonCore-26,Defects4J,SR,bug_report,13.588,3237.316,0.001214,0.000564
2026-08-21T08:28:26,JacksonCore-3,Defects4J,SR,bug_report,13.102,3275.73,0.00121,0.000562
2026-08-21T08:28:26,JacksonCore-4,Defects4J,SR,bug_report,12.915,3181.449,0.00119,0.000553
2026-08-21T08:28:26,JacksonCore-5,Defects4J,SR,bug_report,9.606,2469.366,0.000889,0.000413
2026-08-21T08:28:26,JacksonCore-6,Defects4J,SR,bug_report,11.712,3040.462,0.001102,0.000512
2026-08-21T08:28:26,JacksonCore-7,Defects4J,SR,bug_report,11.478,3163.962,0.001131,0.000525
2026-08-21T08:28:26,JacksonCore-8,Defects4J,SR,bug_report,16.367,3636.032,0.001406,0.000653
2026-08-21T08:28:26,JacksonCore-9,Defects4J,SR,bug_report,13.875,3347.746,0.001254,0.000582
2026-08-21T08:28:26,JacksonDatabind-1,Defects4J,SR,bug_report,20.823,3900.232,0.001614,0.00075
2026-08-21T08:28:26,JacksonDatabind-10,Defects4J,SR,bug_report,22.342,3924.661,0.001663,0.000773
2026-08-21T08:28:26,JacksonDatabind-100,Defects4J,SR,bug_report,19.078,3417.377,0.001429,0.000664
2026-08-21T08:28:26,JacksonDatabind-101,Defects4J,SR,bug_report,40.334,6130.841,0.002803,0.001302
2026-08-21T08:28:26,JacksonDatabind-102,Defects4J,SR,bug_report,32.487,4726.57,0.002204,0.001024
2026-08-21T08:28:26,JacksonDatabind-103,Defects4J,SR,bug_report,10.559,3255.427,0.001134,0.000527
2026-08-21T08:28:26,JacksonDatabind-104,Defects4J,SR,bug_report,37.48,5230.717,0.00247,0.001147
2026-08-21T08:28:26,JacksonDatabind-105,Defects4J,SR,bug_report,8.466,2653.203,0.000902,0.000419
2026-08-21T08:28:26,JacksonDatabind-106,Defects4J,SR,bug_report,45.437,7494.069,0.00333,0.001547
2026-08-21T08:28:26,JacksonDatabind-107,Defects4J,SR,bug_report,20.86,3896.699,0.001614,0.00075
2026-08-21T08:28:26,JacksonDatabind-108,Defects4J,SR,bug_report,8.834,2809.652,0.000953,0.000443
2026-08-21T08:28:26,JacksonDatabind-109,Defects4J,SR,bug_report,10.375,3269.485,0.001127,0.000524
2026-08-21T08:28:26,JacksonDatabind-11,Defects4J,SR,bug_report,12.118,2812.306,0.001054,0.00049
2026-08-21T08:28:26,JacksonDatabind-110,Defects4J,SR,bug_report,22.24,4472.928,0.001811,0.000841
2026-08-21T08:28:26,JacksonDatabind-111,Defects4J,SR,bug_report,10.404,3290.334,0.00113,0.000525
2026-08-21T08:28:26,JacksonDatabind-112,Defects4J,SR,bug_report,21.518,4151.066,0.001722,0.0008
2026-08-21T08:28:26,JacksonDatabind-12,Defects4J,SR,bug_report,10.294,3254.141,0.00112,0.00052
2026-08-21T08:28:26,JacksonDatabind-13,Defects4J,SR,bug_report,7.341,2409.769,0.000804,0.000373
2026-08-21T08:28:26,JacksonDatabind-14,Defects4J,SR,bug_report,22.382,4860.57,0.001926,0.000895
2026-08-21T08:28:26,JacksonDatabind-15,Defects4J,SR,bug_report,15.292,3784.602,0.001414,0.000657
2026-08-21T08:28:26,JacksonDatabind-16,Defects4J,SR,bug_report,12.044,3763.394,0.001315,0.000611
2026-08-21T08:28:26,JacksonDatabind-17,Defects4J,SR,bug_report,35.45,5283.912,0.002425,0.001127
2026-08-21T08:28:26,JacksonDatabind-18,Defects4J,SR,bug_report,24.538,4399.714,0.001862,0.000865
2026-08-21T08:28:26,JacksonDatabind-19,Defects4J,SR,bug_report,8.375,2621.247,0.000891,0.000414
2026-08-21T08:28:26,JacksonDatabind-2,Defects4J,SR,bug_report,8.371,2629.467,0.000909,0.000422
2026-08-21T08:28:26,JacksonDatabind-20,Defects4J,SR,bug_report,22.477,3868.658,0.001652,0.000768
2026-08-21T08:28:26,JacksonDatabind-21,Defects4J,SR,bug_report,26.793,4075.856,0.001833,0.000851
2026-08-21T08:28:26,JacksonDatabind-22,Defects4J,SR,bug_report,10.948,3374.777,0.001178,0.000547
2026-08-21T08:28:26,JacksonDatabind-23,Defects4J,SR,bug_report,26.317,5896.455,0.002323,0.001079
2026-08-21T08:28:26,JacksonDatabind-24,Defects4J,SR,bug_report,8.589,2789.191,0.000938,0.000436
2026-08-21T08:28:26,JacksonDatabind-25,Defects4J,SR,bug_report,29.369,4810.407,0.002136,0.000992
2026-08-21T08:28:26,JacksonDatabind-26,Defects4J,SR,bug_report,7.355,2383.427,0.000794,0.000369
2026-08-21T08:28:26,JacksonDatabind-27,Defects4J,SR,bug_report,14.603,3534.892,0.001326,0.000616
2026-08-21T08:28:26,JacksonDatabind-28,Defects4J,SR,bug_report,15.84,3926.909,0.001471,0.000683
2026-08-21T08:28:26,JacksonDatabind-29,Defects4J,SR,bug_report,7.315,2411.85,0.000801,0.000372
2026-08-21T08:28:26,JacksonDatabind-3,Defects4J,SR,bug_report,25.302,5808.68,0.002268,0.001054
2026-08-21T08:28:26,JacksonDatabind-30,Defects4J,SR,bug_report,12.142,3751.421,0.001324,0.000615
2026-08-21T08:28:26,JacksonDatabind-31,Defects4J,SR,bug_report,23.44,4204.783,0.001763,0.000819
2026-08-21T08:28:26,JacksonDatabind-32,Defects4J,SR,bug_report,8.151,2651.892,0.000891,0.000414
2026-08-21T08:28:26,JacksonDatabind-33,Defects4J,SR,bug_report,15.108,3641.561,0.001377,0.00064
2026-08-21T08:28:26,JacksonDatabind-34,Defects4J,SR,bug_report,17.133,4230.658,0.001593,0.00074
2026-08-21T08:28:26,JacksonDatabind-35,Defects4J,SR,bug_report,12.386,3924.953,0.001367,0.000635
2026-08-21T08:28:26,JacksonDatabind-36,Defects4J,SR,bug_report,31.25,5337.293,0.00231,0.001073
2026-08-21T08:28:26,JacksonDatabind-37,Defects4J,SR,bug_report,13.495,3193.989,0.001199,0.000557
2026-08-21T08:28:26,JacksonDatabind-38,Defects4J,SR,bug_report,25.191,4463.802,0.001894,0.00088
2026-08-21T08:28:26,JacksonDatabind-39,Defects4J,SR,bug_report,8.866,2828.382,0.000962,0.000447
2026-08-21T08:28:26,JacksonDatabind-4,Defects4J,SR,bug_report,8.652,2781.159,0.000938,0.000436
2026-08-21T08:28:26,JacksonDatabind-40,Defects4J,SR,bug_report,7.695,2506.775,0.000837,0.000389
2026-08-21T08:28:26,JacksonDatabind-41,Defects4J,SR,bug_report,12.427,2873.643,0.00108,0.000502
2026-08-21T08:28:26,JacksonDatabind-42,Defects4J,SR,bug_report,12.001,3730.663,0.001306,0.000607
2026-08-21T08:28:26,JacksonDatabind-43,Defects4J,SR,bug_report,22.83,4972.148,0.001965,0.000913
2026-08-21T08:28:26,JacksonDatabind-44,Defects4J,SR,bug_report,18.13,4610.62,0.001723,0.000801
2026-08-21T08:28:26,JacksonDatabind-45,Defects4J,SR,bug_report,9.645,3095.881,0.001062,0.000493
2026-08-21T08:28:26,JacksonDatabind-46,Defects4J,SR,bug_report,23.611,4191.707,0.001771,0.000823
2026-08-21T08:28:26,JacksonDatabind-47,Defects4J,SR,bug_report,10.506,3318.429,0.001145,0.000532
2026-08-21T08:28:26,JacksonDatabind-48,Defects4J,SR,bug_report,19.25,3818.057,0.001545,0.000718
2026-08-21T08:28:26,JacksonDatabind-49,Defects4J,SR,bug_report,24.227,4364.768,0.001841,0.000855
2026-08-21T08:28:26,JacksonDatabind-5,Defects4J,SR,bug_report,27.654,4551.933,0.002009,0.000934
2026-08-21T08:28:26,JacksonDatabind-50,Defects4J,SR,bug_report,71.037,11172.16,0.005095,0.002367
2026-08-21T08:28:26,JacksonDatabind-51,Defects4J,SR,bug_report,11.069,3356.585,0.001198,0.000557
2026-08-21T08:28:26,JacksonDatabind-52,Defects4J,SR,bug_report,38.354,7145.364,0.003025,0.001405
2026-08-21T08:28:26,JacksonDatabind-53,Defects4J,SR,bug_report,24.337,4194.3,0.001801,0.000837
2026-08-21T08:28:26,JacksonDatabind-54,Defects4J,SR,bug_report,13.745,4166.581,0.001481,0.000688
2026-08-21T08:28:26,JacksonDatabind-55,Defects4J,SR,bug_report,50.849,9971.981,0.004174,0.001939
2026-08-21T08:28:26,JacksonDatabind-56,Defects4J,SR,bug_report,18.484,3550.252,0.001447,0.000672
2026-08-21T08:28:26,JacksonDatabind-57,Defects4J,SR,bug_report,18.4,3491.368,0.001429,0.000664
2026-08-21T08:28:26,JacksonDatabind-58,Defects4J,SR,bug_report,8.743,2796.678,0.000951,0.000442
2026-08-21T08:28:26,JacksonDatabind-59,Defects4J,SR,bug_report,12.598,3790.98,0.001355,0.000629
2026-08-21T08:28:26,JacksonDatabind-6,Defects4J,SR,bug_report,21.573,4746.657,0.001867,0.000867
2026-08-21T08:28:26,JacksonDatabind-60,Defects4J,SR,bug_report,9.032,2909.567,0.000988,0.000459
2026-08-21T08:28:26,JacksonDatabind-61,Defects4J,SR,bug_report,13.661,3232.93,0.001216,0.000565
2026-08-21T08:28:26,JacksonDatabind-62,Defects4J,SR,bug_report,8.625,2797.651,0.000949,0.000441
2026-08-21T08:28:26,JacksonDatabind-63,Defects4J,SR,bug_report,9.695,3096.884,0.00106,0.000493
2026-08-21T08:28:26,JacksonDatabind-64,Defects4J,SR,bug_report,20.82,4200.893,0.00169,0.000785
2026-08-21T08:28:26,JacksonDatabind-66,Defects4J,SR,bug_report,22.217,4585.972,0.00184,0.000855
2026-08-21T08:28:26,JacksonDatabind-67,Defects4J,SR,bug_report,10.258,3240.509,0.001123,0.000522
2026-08-21T08:28:26,JacksonDatabind-68,Defects4J,SR,bug_report,19.311,3793.346,0.001535,0.000713
2026-08-21T08:28:26,JacksonDatabind-69,Defects4J,SR,bug_report,31.718,6358.435,0.002611,0.001213
2026-08-21T08:28:26,JacksonDatabind-7,Defects4J,SR,bug_report,35.056,5955.616,0.002607,0.001211
2026-08-21T08:28:26,JacksonDatabind-70,Defects4J,SR,bug_report,19.344,3665.431,0.001503,0.000698
2026-08-21T08:28:26,JacksonDatabind-71,Defects4J,SR,bug_report,8.213,2605.116,0.000885,0.000411
2026-08-21T08:28:26,JacksonDatabind-72,Defects4J,SR,bug_report,7.772,2493.554,0.000837,0.000389
2026-08-21T08:28:26,JacksonDatabind-73,Defects4J,SR,bug_report,16.879,4072.033,0.001551,0.00072
2026-08-21T08:28:26,JacksonDatabind-74,Defects4J,SR,bug_report,33.802,5803.249,0.002519,0.00117
2026-08-21T08:28:26,JacksonDatabind-75,Defects4J,SR,bug_report,15.565,3645.999,0.001398,0.00065
2026-08-21T08:28:26,JacksonDatabind-76,Defects4J,SR,bug_report,12.71,3911.354,0.001373,0.000638
2026-08-21T08:28:26,JacksonDatabind-77,Defects4J,SR,bug_report,15.039,4607.514,0.001635,0.00076
2026-08-21T08:28:26,JacksonDatabind-78,Defects4J,SR,bug_report,15.911,4895.182,0.00174,0.000809
2026-08-21T08:28:26,JacksonDatabind-79,Defects4J,SR,bug_report,27.409,5245.218,0.002175,0.001011
2026-08-21T08:28:26,JacksonDatabind-8,Defects4J,SR,bug_report,18.561,3781.475,0.001516,0.000704
2026-08-21T08:28:26,JacksonDatabind-80,Defects4J,SR,bug_report,9.938,3081.565,0.00108,0.000502
2026-08-21T08:28:26,JacksonDatabind-81,Defects4J,SR,bug_report,12.017,3704.801,0.001301,0.000604
2026-08-21T08:28:26,JacksonDatabind-82,Defects4J,SR,bug_report,20.243,4072.152,0.001641,0.000763
2026-08-21T08:28:26,JacksonDatabind-83,Defects4J,SR,bug_report,14.766,3522.483,0.001326,0.000616
2026-08-21T08:28:26,JacksonDatabind-84,Defects4J,SR,bug_report,7.855,2522.808,0.000846,0.000393
2026-08-21T08:28:26,JacksonDatabind-85,Defects4J,SR,bug_report,26.198,4592.7,0.001961,0.000911
2026-08-21T08:28:26,JacksonDatabind-86,Defects4J,SR,bug_report,7.839,2503.273,0.000846,0.000393
2026-08-21T08:28:26,JacksonDatabind-87,Defects4J,SR,bug_report,5.702,1933.789,0.000623,0.00029
2026-08-21T08:28:26,JacksonDatabind-88,Defects4J,SR,bug_report,27.655,5110.686,0.002152,0.001
2026-08-21T08:28:26,JacksonDatabind-9,Defects4J,SR,bug_report,16.007,3004.95,0.001224,0.000568
2026-08-21T08:28:26,JacksonDatabind-90,Defects4J,SR,bug_report,21.142,4245.929,0.001723,0.000801
2026-08-21T08:28:26,JacksonDatabind-91,Defects4J,SR,bug_report,7.988,2582.969,0.000864,0.000401
2026-08-21T08:28:26,JacksonDatabind-92,Defects4J,SR,bug_report,9.789,3042.003,0.001065,0.000495
2026-08-21T08:28:26,JacksonDatabind-93,Defects4J,SR,bug_report,51.77,6740.148,0.003308,0.001537
2026-08-21T08:28:26,JacksonDatabind-94,Defects4J,SR,bug_report,9.753,3026.222,0.00105,0.000488
2026-08-21T08:28:26,JacksonDatabind-95,Defects4J,SR,bug_report,41.054,5553.639,0.002662,0.001237
2026-08-21T08:28:26,JacksonDatabind-96,Defects4J,SR,bug_report,27.346,4552.929,0.001985,0.000922
2026-08-21T08:28:26,JacksonDatabind-97,Defects4J,SR,bug_report,30.238,5452.968,0.002321,0.001078
2026-08-21T08:28:26,JacksonDatabind-98,Defects4J,SR,bug_report,21.761,4246.261,0.001739,0.000808
2026-08-21T08:28:26,JacksonDatabind-99,Defects4J,SR,bug_report,25.474,4398.353,0.001885,0.000876
2026-08-21T08:28:26,JacksonXml-1,Defects4J,SR,bug_report,10.414,3073.741,0.001078,0.000501
2026-08-21T08:28:26,JacksonXml-2,Defects4J,SR,bug_report,8.394,2457.697,0.000847,0.000394
2026-08-21T08:28:26,JacksonXml-3,Defects4J,SR,bug_report,11.28,3217.591,0.00114,0.00053
2026-08-21T08:28:26,JacksonXml-4,Defects4J,SR,bug_report,8.433,2326.415,0.000826,0.000384
2026-08-21T08:28:26,JacksonXml-5,Defects4J,SR,bug_report,10.17,3054.191,0.001063,0.000494
2026-08-21T08:28:26,JacksonXml-6,Defects4J,SR,bug_report,10.916,3202.676,0.001123,0.000522
2026-08-21T08:28:26,Jsoup-1,Defects4J,SR,bug_report,9.939,3048.525,0.001057,0.000491
2026-08-21T08:28:26,Jsoup-10,Defects4J,SR,bug_report,9.6,3109.738,0.001054,0.00049
2026-08-21T08:28:26,Jsoup-11,Defects4J,SR,bug_report,10.752,3327.765,0.001152,0.000535
2026-08-21T08:28:26,Jsoup-12,Defects4J,SR,bug_report,7.301,2431.729,0.000805,0.000374
2026-08-21T08:28:26,Jsoup-13,Defects4J,SR,bug_report,12.445,3170.276,0.001159,0.000539
2026-08-21T08:28:26,Jsoup-14,Defects4J,SR,bug_report,10.071,2815.368,0.001001,0.000465
2026-08-21T08:28:26,Jsoup-15,Defects4J,SR,bug_report,10.612,2850.493,0.001018,0.000473
2026-08-21T08:28:26,Jsoup-16,Defects4J,SR,bug_report,8.266,2388.277,0.000825,0.000383
2026-08-21T08:28:26,Jsoup-17,Defects4J,SR,bug_report,11.895,2956.286,0.001087,0.000505
2026-08-21T08:28:26,Jsoup-18,Defects4J,SR,bug_report,10.873,3148.779,0.001111,0.000516
2026-08-21T08:28:26,Jsoup-19,Defects4J,SR,bug_report,8.07,2620.402,0.000881,0.000409
2026-08-21T08:28:26,Jsoup-2,Defects4J,SR,bug_report,12.341,3576.986,0.001271,0.00059
2026-08-21T08:28:26,Jsoup-20,Defects4J,SR,bug_report,10.175,2840.886,0.001,0.000465
2026-08-21T08:28:26,Jsoup-21,Defects4J,SR,bug_report,10.882,2922.003,0.001045,0.000485
2026-08-21T08:28:26,Jsoup-22,Defects4J,SR,bug_report,12.998,3214.971,0.001191,0.000553
2026-08-21T08:28:26,Jsoup-23,Defects4J,SR,bug_report,10.306,2864.636,0.001011,0.00047
2026-08-21T08:28:26,Jsoup-24,Defects4J,SR,bug_report,10.023,2763.765,0.000978,0.000454
2026-08-21T08:28:26,Jsoup-25,Defects4J,SR,bug_report,6.863,2279.149,0.000748,0.000347
2026-08-21T08:28:26,Jsoup-26,Defects4J,SR,bug_report,9.547,2966.55,0.001039,0.000483
2026-08-21T08:28:26,Jsoup-27,Defects4J,SR,bug_report,10.607,2824.497,0.00101,0.000469
2026-08-21T08:28:26,Jsoup-28,Defects4J,SR,bug_report,11.579,3245.697,0.001158,0.000538
2026-08-21T08:28:26,Jsoup-29,Defects4J,SR,bug_report,7.616,2515.163,0.000834,0.000388
2026-08-21T08:28:26,Jsoup-3,Defects4J,SR,bug_report,10.45,2995.12,0.001052,0.000489
2026-08-21T08:28:26,Jsoup-30,Defects4J,SR,bug_report,10.634,3271.434,0.001155,0.000536
2026-08-21T08:28:26,Jsoup-31,Defects4J,SR,bug_report,7.712,2394.58,0.000806,0.000374
2026-08-21T08:28:26,Jsoup-32,Defects4J,SR,bug_report,7.315,2111.308,0.000722,0.000335
2026-08-21T08:28:26,Jsoup-33,Defects4J,SR,bug_report,10.2,2951.5,0.001034,0.00048
2026-08-21T08:28:26,Jsoup-34,Defects4J,SR,bug_report,7.046,2341.871,0.000775,0.00036
2026-08-21T08:28:26,Jsoup-35,Defects4J,SR,bug_report,12.202,3063.203,0.001131,0.000525
2026-08-21T08:28:26,Jsoup-36,Defects4J,SR,bug_report,11.211,3232.99,0.001142,0.000531
2026-08-21T08:28:26,Jsoup-37,Defects4J,SR,bug_report,10.13,2924.574,0.001023,0.000475
2026-08-21T08:28:26,Jsoup-38,Defects4J,SR,bug_report,7.311,2419.633,0.0008,0.000372
2026-08-21T08:28:26,Jsoup-39,Defects4J,SR,bug_report,10.941,2799.075,0.001021,0.000474
2026-08-21T08:28:26,Jsoup-4,Defects4J,SR,bug_report,8.689,2573.673,0.000886,0.000412
2026-08-21T08:28:26,Jsoup-40,Defects4J,SR,bug_report,7.777,2548.646,0.000849,0.000394
2026-08-21T08:28:26,Jsoup-41,Defects4J,SR,bug_report,15.329,3487.437,0.001332,0.000619
2026-08-21T08:28:26,Jsoup-42,Defects4J,SR,bug_report,9.14,2629.016,0.000916,0.000425
2026-08-21T08:28:26,Jsoup-43,Defects4J,SR,bug_report,9.13,2413.255,0.000863,0.000401
2026-08-21T08:28:26,Jsoup-44,Defects4J,SR,bug_report,10.327,2961.838,0.001039,0.000483
2026-08-21T08:28:26,Jsoup-46,Defects4J,SR,bug_report,12.377,3416.1,0.001228,0.00057
2026-08-21T08:28:26,Jsoup-47,Defects4J,SR,bug_report,13.662,3729.222,0.001353,0.000628
2026-08-21T08:28:26,Jsoup-48,Defects4J,SR,bug_report,11.166,3055.223,0.001094,0.000508
2026-08-21T08:28:26,Jsoup-49,Defects4J,SR,bug_report,9.768,2651.838,0.000939,0.000436
2026-08-21T08:28:26,Jsoup-5,Defects4J,SR,bug_report,9.312,2614.628,0.000919,0.000427
2026-08-21T08:28:26,Jsoup-50,Defects4J,SR,bug_report,14.504,3645.459,0.00137,0.000637
2026-08-21T08:28:26,Jsoup-51,Defects4J,SR,bug_report,8.957,2559.762,0.000896,0.000416
2026-08-21T08:28:26,Jsoup-52,Defects4J,SR,bug_report,13.757,3406.973,0.001273,0.000591
2026-08-21T08:28:26,Jsoup-53,Defects4J,SR,bug_report,10.187,2745.784,0.000978,0.000455
2026-08-21T08:28:26,Jsoup-54,Defects4J,SR,bug_report,9.514,2893.564,0.000997,0.000463
2026-08-21T08:28:26,Jsoup-55,Defects4J,SR,bug_report,8.425,2405.92,0.000829,0.000385
2026-08-21T08:28:26,Jsoup-56,Defects4J,SR,bug_report,12.66,3472.616,0.001252,0.000581
2026-08-21T08:28:26,Jsoup-57,Defects4J,SR,bug_report,10.892,2958.569,0.001053,0.000489
2026-08-21T08:28:26,Jsoup-58,Defects4J,SR,bug_report,14.188,3584.221,0.001326,0.000616
2026-08-21T08:28:26,Jsoup-59,Defects4J,SR,bug_report,9.347,2470.533,0.000879,0.000408
2026-08-21T08:28:26,Jsoup-6,Defects4J,SR,bug_report,10.829,3041.805,0.001083,0.000503
2026-08-21T08:28:26,Jsoup-60,Defects4J,SR,bug_report,8.951,2728.809,0.000935,0.000434
2026-08-21T08:28:26,Jsoup-61,Defects4J,SR,bug_report,9.352,2704.169,0.000935,0.000435
2026-08-21T08:28:26,Jsoup-62,Defects4J,SR,bug_report,8.088,2480.456,0.000843,0.000392
2026-08-21T08:28:26,Jsoup-63,Defects4J,SR,bug_report,11.567,3228.4,0.001171,0.000544
2026-08-21T08:28:26,Jsoup-64,Defects4J,SR,bug_report,12.757,3344.669,0.001218,0.000566
2026-08-21T08:28:26,Jsoup-65,Defects4J,SR,bug_report,7.71,2539.719,0.000846,0.000393
2026-08-21T08:28:26,Jsoup-66,Defects4J,SR,bug_report,8.858,2678.345,0.000925,0.00043
2026-08-21T08:28:26,Jsoup-67,Defects4J,SR,bug_report,9.015,2474.927,0.000882,0.00041
2026-08-21T08:28:26,Jsoup-68,Defects4J,SR,bug_report,9.524,2980.6,0.001041,0.000484
2026-08-21T08:28:26,Jsoup-69,Defects4J,SR,bug_report,12.285,3856.979,0.001351,0.000628
2026-08-21T08:28:26,Jsoup-7,Defects4J,SR,bug_report,10.76,3056.477,0.001079,0.000501
2026-08-21T08:28:26,Jsoup-70,Defects4J,SR,bug_report,9.742,3131.946,0.001067,0.000496
2026-08-21T08:28:26,Jsoup-71,Defects4J,SR,bug_report,11.363,3392.47,0.001203,0.000559
2026-08-21T08:28:26,Jsoup-72,Defects4J,SR,bug_report,11.67,3151.284,0.001134,0.000527
2026-08-21T08:28:26,Jsoup-73,Defects4J,SR,bug_report,6.615,2204.942,0.000723,0.000336
2026-08-21T08:28:26,Jsoup-74,Defects4J,SR,bug_report,7.405,2436.355,0.000817,0.00038
2026-08-21T08:28:26,Jsoup-75,Defects4J,SR,bug_report,7.959,2630.9,0.00088,0.000409
2026-08-21T08:28:26,Jsoup-76,Defects4J,SR,bug_report,12.441,3561.066,0.001268,0.000589
2026-08-21T08:28:26,Jsoup-77,Defects4J,SR,bug_report,9.426,2630.349,0.000933,0.000434
2026-08-21T08:28:26,Jsoup-78,Defects4J,SR,bug_report,13.406,3654.928,0.001319,0.000613
2026-08-21T08:28:26,Jsoup-79,Defects4J,SR,bug_report,13.79,3212.609,0.001208,0.000561
2026-08-21T08:28:26,Jsoup-8,Defects4J,SR,bug_report,8.967,2856.74,0.000981,0.000456
2026-08-21T08:28:26,Jsoup-80,Defects4J,SR,bug_report,10.765,2785.786,0.001021,0.000475
2026-08-21T08:28:26,Jsoup-81,Defects4J,SR,bug_report,12.842,3060.272,0.00114,0.00053
2026-08-21T08:28:26,Jsoup-82,Defects4J,SR,bug_report,9.83,2752.101,0.000968,0.00045
2026-08-21T08:28:26,Jsoup-83,Defects4J,SR,bug_report,11.697,2938.773,0.001077,0.0005
2026-08-21T08:28:26,Jsoup-84,Defects4J,SR,bug_report,11.687,3112.446,0.001125,0.000522
2026-08-21T08:28:26,Jsoup-85,Defects4J,SR,bug_report,8.771,2639.609,0.000905,0.000421
2026-08-21T08:28:26,Jsoup-86,Defects4J,SR,bug_report,10.523,2789.213,0.000998,0.000464
2026-08-21T08:28:26,Jsoup-87,Defects4J,SR,bug_report,12.437,3124.337,0.001166,0.000542
2026-08-21T08:28:26,Jsoup-88,Defects4J,SR,bug_report,9.247,2551.334,0.000909,0.000422
2026-08-21T08:28:26,Jsoup-89,Defects4J,SR,bug_report,16.624,4539.916,0.00166,0.000771
2026-08-21T08:28:26,Jsoup-9,Defects4J,SR,bug_report,9.508,2697.183,0.000956,0.000444
2026-08-21T08:28:26,Jsoup-90,Defects4J,SR,bug_report,14.067,3448.7,0.00128,0.000595
2026-08-21T08:28:26,Jsoup-91,Defects4J,SR,bug_report,10.385,2734.894,0.000983,0.000457
2026-08-21T08:28:26,Jsoup-92,Defects4J,SR,bug_report,11.938,3367.463,0.0012,0.000558
2026-08-21T08:28:26,Jsoup-93,Defects4J,SR,bug_report,11.617,2926.653,0.001065,0.000495
2026-08-21T08:28:26,JxPath-1,Defects4J,SR,bug_report,11.342,3019.499,0.001088,0.000505
2026-08-21T08:28:26,JxPath-10,Defects4J,SR,bug_report,12.943,3504.771,0.001269,0.00059
2026-08-21T08:28:26,JxPath-11,Defects4J,SR,bug_report,17.299,4183.604,0.001583,0.000736
2026-08-21T08:28:26,JxPath-12,Defects4J,SR,bug_report,17.103,4086.402,0.001572,0.00073
2026-08-21T08:28:26,JxPath-13,Defects4J,SR,bug_report,17.132,4149.59,0.001567,0.000728
2026-08-21T08:28:26,JxPath-14,Defects4J,SR,bug_report,13.878,3756.09,0.001366,0.000635
2026-08-21T08:28:26,JxPath-15,Defects4J,SR,bug_report,10.899,3498.031,0.0012,0.000557
2026-08-21T08:28:26,JxPath-16,Defects4J,SR,bug_report,18.743,3512.34,0.001439,0.000668
2026-08-21T08:28:26,JxPath-17,Defects4J,SR,bug_report,11.783,3093.699,0.001122,0.000521
2026-08-21T08:28:26,JxPath-18,Defects4J,SR,bug_report,14.418,3342.581,0.001272,0.000591
2026-08-21T08:28:26,JxPath-19,Defects4J,SR,bug_report,15.675,3728.15,0.001411,0.000656
2026-08-21T08:28:26,JxPath-2,Defects4J,SR,bug_report,9.894,3139.83,0.001075,0.000499
2026-08-21T08:28:26,JxPath-20,Defects4J,SR,bug_report,11.352,2754.635,0.001016,0.000472
2026-08-21T08:28:26,JxPath-21,Defects4J,SR,bug_report,16.446,3650.782,0.001413,0.000656
2026-08-21T08:28:26,JxPath-22,Defects4J,SR,bug_report,15.742,3612.447,0.001407,0.000654
2026-08-21T08:28:26,JxPath-3,Defects4J,SR,bug_report,21.539,4606.237,0.001828,0.000849
2026-08-21T08:28:26,JxPath-4,Defects4J,SR,bug_report,17.616,3997.792,0.001561,0.000725
2026-08-21T08:28:26,JxPath-5,Defects4J,SR,bug_report,15.409,3613.625,0.001373,0.000638
2026-08-21T08:28:26,JxPath-6,Defects4J,SR,bug_report,16.736,4022.592,0.001523,0.000708
2026-08-21T08:28:26,JxPath-7,Defects4J,SR,bug_report,12.978,3487.153,0.001263,0.000587
2026-08-21T08:28:26,JxPath-8,Defects4J,SR,bug_report,16.086,3578.156,0.001386,0.000644
2026-08-21T08:28:26,JxPath-9,Defects4J,SR,bug_report,16.148,3614.87,0.001393,0.000647
2026-08-21T08:28:26,Lang-1,Defects4J,SR,bug_report,18.602,3695.354,0.001486,0.00069
2026-08-21T08:28:26,Lang-10,Defects4J,SR,bug_report,11.867,3696.3,0.001289,0.000599
2026-08-21T08:28:26,Lang-11,Defects4J,SR,bug_report,12.13,3046.612,0.001116,0.000519
2026-08-21T08:28:26,Lang-12,Defects4J,SR,bug_report,19.548,4420.85,0.001713,0.000796
2026-08-21T08:28:26,Lang-13,Defects4J,SR,bug_report,9.787,2757.262,0.00097,0.000451
2026-08-21T08:28:26,Lang-14,Defects4J,SR,bug_report,14.909,3139.423,0.001229,0.000571
2026-08-21T08:28:26,Lang-15,Defects4J,SR,bug_report,11.446,2831.028,0.001053,0.000489
2026-08-21T08:28:26,Lang-16,Defects4J,SR,bug_report,14.84,3458.763,0.001311,0.000609
2026-08-21T08:28:26,Lang-17,Defects4J,SR,bug_report,15.514,4033.947,0.00149,0.000692
2026-08-21T08:28:26,Lang-19,Defects4J,SR,bug_report,7.612,2494.402,0.000832,0.000386
2026-08-21T08:28:26,Lang-20,Defects4J,SR,bug_report,15.915,3522.481,0.001361,0.000632
2026-08-21T08:28:26,Lang-21,Defects4J,SR,bug_report,10.332,3287.62,0.00113,0.000525
2026-08-21T08:28:26,Lang-22,Defects4J,SR,bug_report,15.163,3277.348,0.001274,0.000592
2026-08-21T08:28:26,Lang-23,Defects4J,SR,bug_report,14.421,3327.342,0.001277,0.000593
2026-08-21T08:28:26,Lang-24,Defects4J,SR,bug_report,15.99,3486.293,0.001352,0.000628
2026-08-21T08:28:26,Lang-26,Defects4J,SR,bug_report,11.554,3595.889,0.001266,0.000588
2026-08-21T08:28:26,Lang-27,Defects4J,SR,bug_report,20.521,4848.876,0.001864,0.000866
2026-08-21T08:28:26,Lang-28,Defects4J,SR,bug_report,9.286,2986.286,0.00102,0.000474
2026-08-21T08:28:26,Lang-29,Defects4J,SR,bug_report,13.457,3528.369,0.001291,0.0006
2026-08-21T08:28:26,Lang-3,Defects4J,SR,bug_report,18.096,4360.659,0.001655,0.000769
2026-08-21T08:28:26,Lang-30,Defects4J,SR,bug_report,18.617,4042.222,0.001582,0.000735
2026-08-21T08:28:26,Lang-31,Defects4J,SR,bug_report,18.551,4025.647,0.001579,0.000733
2026-08-21T08:28:26,Lang-32,Defects4J,SR,bug_report,12.183,3383.334,0.001233,0.000573
2026-08-21T08:28:26,Lang-33,Defects4J,SR,bug_report,12.255,2850.253,0.001072,0.000498
2026-08-21T08:28:26,Lang-34,Defects4J,SR,bug_report,12.036,3455.835,0.001223,0.000568
2026-08-21T08:28:26,Lang-35,Defects4J,SR,bug_report,15.552,3832.269,0.001436,0.000667
2026-08-21T08:28:26,Lang-36,Defects4J,SR,bug_report,20.916,3794.323,0.001589,0.000738
2026-08-21T08:28:26,Lang-37,Defects4J,SR,bug_report,15.85,3259.126,0.001286,0.000598
2026-08-21T08:28:26,Lang-38,Defects4J,SR,bug_report,16.189,3642.772,0.001401,0.000651
2026-08-21T08:28:26,Lang-39,Defects4J,SR,bug_report,10.715,2680.58,0.00099,0.00046
2026-08-21T08:28:26,Lang-4,Defects4J,SR,bug_report,15.644,3604.856,0.001379,0.000641
2026-08-21T08:28:26,Lang-40,Defects4J,SR,bug_report,12.36,3199.117,0.00117,0.000544
2026-08-21T08:28:26,Lang-41,Defects4J,SR,bug_report,11.688,3020.069,0.001099,0.00051
2026-08-21T08:28:26,Lang-42,Defects4J,SR,bug_report,16.779,3731.823,0.001449,0.000673
2026-08-21T08:28:26,Lang-43,Defects4J,SR,bug_report,14.166,3343.316,0.001262,0.000586
2026-08-21T08:28:26,Lang-44,Defects4J,SR,bug_report,15.439,3349.909,0.001301,0.000604
2026-08-21T08:28:26,Lang-45,Defects4J,SR,bug_report,16.594,3962.362,0.001503,0.000698
2026-08-21T08:28:26,Lang-46,Defects4J,SR,bug_report,9.543,2642.394,0.000949,0.000441
2026-08-21T08:28:26,Lang-47,Defects4J,SR,bug_report,8.994,2888.021,0.000982,0.000456
2026-08-21T08:28:26,Lang-49,Defects4J,SR,bug_report,12.638,2940.136,0.001104,0.000513
2026-08-21T08:28:26,Lang-5,Defects4J,SR,bug_report,14.683,3389.844,0.001284,0.000597
2026-08-21T08:28:26,Lang-50,Defects4J,SR,bug_report,10.511,3263.471,0.001151,0.000535
2026-08-21T08:28:26,Lang-51,Defects4J,SR,bug_report,12.646,3040.148,0.001122,0.000521
2026-08-21T08:28:26,Lang-52,Defects4J,SR,bug_report,14.704,3879.355,0.001424,0.000661
2026-08-21T08:28:26,Lang-53,Defects4J,SR,bug_report,7.547,2500.598,0.000826,0.000384
2026-08-21T08:28:26,Lang-54,Defects4J,SR,bug_report,16.317,3740.962,0.001434,0.000666
2026-08-21T08:28:26,Lang-55,Defects4J,SR,bug_report,12.464,2964.759,0.001106,0.000514
2026-08-21T08:28:26,Lang-56,Defects4J,SR,bug_report,11.411,3591.89,0.001249,0.00058
2026-08-21T08:28:26,Lang-57,Defects4J,SR,bug_report,12.431,2926.506,0.001093,0.000508
2026-08-21T08:28:26,Lang-58,Defects4J,SR,bug_report,17.052,3935.607,0.001505,0.000699
2026-08-21T08:28:26,Lang-59,Defects4J,SR,bug_report,7.666,2493.284,0.000833,0.000387
2026-08-21T08:28:26,Lang-6,Defects4J,SR,bug_report,16.596,3475.518,0.001389,0.000645
2026-08-21T08:28:26,Lang-60,Defects4J,SR,bug_report,5.527,1920.37,0.000612,0.000284
2026-08-21T08:28:26,Lang-61,Defects4J,SR,bug_report,8.18,2678.509,0.000901,0.000418
2026-08-21T08:28:26,Lang-62,Defects4J,SR,bug_report,11.324,2955.466,0.001069,0.000497
2026-08-21T08:28:26,Lang-63,Defects4J,SR,bug_report,8.429,2755.497,0.000929,0.000432
2026-08-21T08:28:26,Lang-64,Defects4J,SR,bug_report,9.331,2326.408,0.000849,0.000395
2026-08-21T08:28:26,Lang-65,Defects4J,SR,bug_report,9.774,3132.771,0.001073,0.000498
2026-08-21T08:28:26,Lang-7,Defects4J,SR,bug_report,14.916,3450.39,0.00131,0.000608
2026-08-21T08:28:26,Lang-8,Defects4J,SR,bug_report,17.493,4245.316,0.001605,0.000746
2026-08-21T08:28:26,Lang-9,Defects4J,SR,bug_report,8.518,2687.678,0.000935,0.000434
2026-08-21T08:28:26,Math-1,Defects4J,SR,bug_report,46.249,6489.258,0.003069,0.001426
2026-08-21T08:28:26,Math-10,Defects4J,SR,bug_report,11.557,3586.481,0.001253,0.000582
2026-08-21T08:28:26,Math-100,Defects4J,SR,bug_report,15.463,3136.247,0.001265,0.000588
2026-08-21T08:28:26,Math-101,Defects4J,SR,bug_report,10.809,2785.632,0.001006,0.000467
2026-08-21T08:28:26,Math-102,Defects4J,SR,bug_report,13.019,3202.033,0.00119,0.000553
2026-08-21T08:28:26,Math-103,Defects4J,SR,bug_report,10.97,2642.862,0.000971,0.000451
2026-08-21T08:28:26,Math-104,Defects4J,SR,bug_report,14.015,3266.367,0.001233,0.000573
2026-08-21T08:28:26,Math-105,Defects4J,SR,bug_report,14.139,3805.497,0.001388,0.000645
2026-08-21T08:28:26,Math-106,Defects4J,SR,bug_report,15.338,4175.843,0.001528,0.00071
2026-08-21T08:28:26,Math-11,Defects4J,SR,bug_report,30.3,4685.425,0.002105,0.000978
2026-08-21T08:28:26,Math-12,Defects4J,SR,bug_report,21.739,4354.17,0.001762,0.000818
2026-08-21T08:28:26,Math-13,Defects4J,SR,bug_report,31.125,4807.067,0.002176,0.001011
2026-08-21T08:28:26,Math-14,Defects4J,SR,bug_report,31.409,4759.263,0.002165,0.001006
2026-08-21T08:28:26,Math-15,Defects4J,SR,bug_report,16.034,4780.429,0.001721,0.0008
2026-08-21T08:28:26,Math-16,Defects4J,SR,bug_report,10.637,3339.183,0.001158,0.000538
2026-08-21T08:28:26,Math-17,Defects4J,SR,bug_report,22.359,3855.41,0.001643,0.000763
2026-08-21T08:28:26,Math-18,Defects4J,SR,bug_report,10.636,3338.57,0.001161,0.000539
2026-08-21T08:28:26,Math-19,Defects4J,SR,bug_report,24.255,4361.795,0.001836,0.000853
2026-08-21T08:28:26,Math-2,Defects4J,SR,bug_report,23.318,4593.86,0.001873,0.00087
2026-08-21T08:28:26,Math-20,Defects4J,SR,bug_report,9.526,3012.413,0.00103,0.000479
2026-08-21T08:28:26,Math-21,Defects4J,SR,bug_report,25.493,4782.995,0.002002,0.00093
2026-08-21T08:28:26,Math-22,Defects4J,SR,bug_report,18.946,3807.945,0.001527,0.000709
2026-08-21T08:28:26,Math-23,Defects4J,SR,bug_report,23.849,4238.762,0.001791,0.000832
2026-08-21T08:28:26,Math-24,Defects4J,SR,bug_report,12.204,2825.635,0.001062,0.000493
2026-08-21T08:28:26,Math-25,Defects4J,SR,bug_report,27.904,5487.53,0.00226,0.00105
2026-08-21T08:28:26,Math-26,Defects4J,SR,bug_report,13.615,3229.218,0.001236,0.000574
2026-08-21T08:28:26,Math-27,Defects4J,SR,bug_report,15.657,2950.65,0.001198,0.000556
2026-08-21T08:28:26,Math-28,Defects4J,SR,bug_report,23.167,4159.362,0.00175,0.000813
2026-08-21T08:28:26,Math-29,Defects4J,SR,bug_report,9.766,3091.77,0.001058,0.000492
2026-08-21T08:28:26,Math-3,Defects4J,SR,bug_report,46.637,6619.012,0.003123,0.001451
2026-08-21T08:28:26,Math-30,Defects4J,SR,bug_report,18.151,3591.031,0.001452,0.000675
2026-08-21T08:28:26,Math-31,Defects4J,SR,bug_report,31.53,4764.16,0.002169,0.001008
2026-08-21T08:28:26,Math-32,Defects4J,SR,bug_report,23.514,4158.628,0.001786,0.00083
2026-08-21T08:28:26,Math-33,Defects4J,SR,bug_report,23.171,4095.453,0.001738,0.000808
2026-08-21T08:28:26,Math-34,Defects4J,SR,bug_report,20.839,3462.672,0.001492,0.000693
2026-08-21T08:28:26,Math-35,Defects4J,SR,bug_report,27.533,4539.791,0.001984,0.000922
2026-08-21T08:28:26,Math-36,Defects4J,SR,bug_report,25.537,4024.33,0.00179,0.000831
2026-08-21T08:28:26,Math-37,Defects4J,SR,bug_report,18.267,3584.298,0.00146,0.000678
2026-08-21T08:28:26,Math-38,Defects4J,SR,bug_report,8.938,2837.588,0.000966,0.000449
2026-08-21T08:28:26,Math-39,Defects4J,SR,bug_report,18.498,3847.38,0.001527,0.000709
2026-08-21T08:28:26,Math-4,Defects4J,SR,bug_report,20.038,3672.309,0.001524,0.000708
2026-08-21T08:28:26,Math-40,Defects4J,SR,bug_report,32.486,5168.998,0.002307,0.001072
2026-08-21T08:28:26,Math-41,Defects4J,SR,bug_report,31.487,4792.018,0.002176,0.001011
2026-08-21T08:28:26,Math-42,Defects4J,SR,bug_report,41.286,5680.968,0.002709,0.001258
2026-08-21T08:28:26,Math-43,Defects4J,SR,bug_report,21.344,3650.736,0.001564,0.000727
2026-08-21T08:28:26,Math-44,Defects4J,SR,bug_report,12.251,3680.858,0.001302,0.000605
2026-08-21T08:28:26,Math-45,Defects4J,SR,bug_report,21.526,3832.41,0.001617,0.000751
2026-08-21T08:28:26,Math-46,Defects4J,SR,bug_report,19.982,3449.994,0.001466,0.000681
2026-08-21T08:28:26,Math-47,Defects4J,SR,bug_report,20.186,3478.639,0.001485,0.00069
2026-08-21T08:28:26,Math-48,Defects4J,SR,bug_report,27.054,4573.466,0.001984,0.000922
2026-08-21T08:28:26,Math-49,Defects4J,SR,bug_report,11.119,3437.278,0.001199,0.000557
2026-08-21T08:28:26,Math-5,Defects4J,SR,bug_report,20.422,3837.701,0.001582,0.000735
2026-08-21T08:28:26,Math-50,Defects4J,SR,bug_report,26.836,4589.123,0.001983,0.000921
2026-08-21T08:28:26,Math-51,Defects4J,SR,bug_report,26.885,4573.518,0.001975,0.000918
2026-08-21T08:28:26,Math-52,Defects4J,SR,bug_report,27.42,4778.332,0.002053,0.000954
2026-08-21T08:28:26,Math-53,Defects4J,SR,bug_report,25.909,4303.96,0.001877,0.000872
2026-08-21T08:28:26,Math-54,Defects4J,SR,bug_report,26.189,4801.835,0.002022,0.000939
2026-08-21T08:28:26,Math-55,Defects4J,SR,bug_report,16.2,3376.93,0.001331,0.000619
2026-08-21T08:28:26,Math-56,Defects4J,SR,bug_report,12.548,3819.863,0.001355,0.000629
2026-08-21T08:28:26,Math-57,Defects4J,SR,bug_report,28.353,4717.04,0.002061,0.000957
2026-08-21T08:28:26,Math-58,Defects4J,SR,bug_report,24.3,4330.849,0.001836,0.000853
2026-08-21T08:28:26,Math-59,Defects4J,SR,bug_report,21.721,4243.008,0.001756,0.000816
2026-08-21T08:28:26,Math-6,Defects4J,SR,bug_report,21.535,4024.963,0.001675,0.000778
2026-08-21T08:28:26,Math-60,Defects4J,SR,bug_report,18.353,3388.269,0.001398,0.000649
2026-08-21T08:28:26,Math-61,Defects4J,SR,bug_report,19.466,3641.735,0.001502,0.000698
2026-08-21T08:28:26,Math-62,Defects4J,SR,bug_report,25.325,4521.57,0.001916,0.00089
2026-08-21T08:28:26,Math-63,Defects4J,SR,bug_report,21.327,3404.348,0.001493,0.000694
2026-08-21T08:28:26,Math-64,Defects4J,SR,bug_report,14.913,3098.38,0.001219,0.000567
2026-08-21T08:28:26,Math-65,Defects4J,SR,bug_report,15.269,3930.455,0.001457,0.000677
2026-08-21T08:28:26,Math-66,Defects4J,SR,bug_report,18.775,3561.103,0.001459,0.000678
2026-08-21T08:28:26,Math-67,Defects4J,SR,bug_report,17.049,3778.892,0.001468,0.000682
2026-08-21T08:28:26,Math-68,Defects4J,SR,bug_report,21.492,4453.553,0.001784,0.000829
2026-08-21T08:28:26,Math-69,Defects4J,SR,bug_report,31.483,5295.616,0.00231,0.001073
2026-08-21T08:28:26,Math-7,Defects4J,SR,bug_report,11.52,3596.394,0.001254,0.000583
2026-08-21T08:28:26,Math-70,Defects4J,SR,bug_report,29.152,5378.713,0.002265,0.001052
2026-08-21T08:28:26,Math-71,Defects4J,SR,bug_report,20.974,4332.477,0.001733,0.000805
2026-08-21T08:28:26,Math-72,Defects4J,SR,bug_report,21.695,3939.769,0.001654,0.000768
2026-08-21T08:28:26,Math-73,Defects4J,SR,bug_report,23.274,4343.105,0.001821,0.000846
2026-08-21T08:28:26,Math-74,Defects4J,SR,bug_report,23.797,5177.544,0.002058,0.000956
2026-08-21T08:28:26,Math-75,Defects4J,SR,bug_report,8.878,2840.211,0.000965,0.000449
2026-08-21T08:28:26,Math-76,Defects4J,SR,bug_report,9.585,3063.84,0.001047,0.000486
2026-08-21T08:28:26,Math-77,Defects4J,SR,bug_report,19.743,4103.212,0.001638,0.000761
2026-08-21T08:28:26,Math-78,Defects4J,SR,bug_report,26.496,4800.073,0.002027,0.000942
2026-08-21T08:28:26,Math-79,Defects4J,SR,bug_report,38.272,6892.241,0.002948,0.00137
2026-08-21T08:28:26,Math-8,Defects4J,SR,bug_report,41.489,5182.209,0.002574,0.001196
2026-08-21T08:28:26,Math-80,Defects4J,SR,bug_report,12.678,3258.464,0.001198,0.000557
2026-08-21T08:28:26,Math-81,Defects4J,SR,bug_report,7.081,2335.087,0.000772,0.000359
2026-08-21T08:28:26,Math-82,Defects4J,SR,bug_report,23.488,4330.245,0.001834,0.000852
2026-08-21T08:28:26,Math-83,Defects4J,SR,bug_report,20.416,4262.253,0.001696,0.000788
2026-08-21T08:28:26,Math-84,Defects4J,SR,bug_report,15.119,3368.721,0.001295,0.000602
2026-08-21T08:28:26,Math-85,Defects4J,SR,bug_report,18.19,3633.603,0.001477,0.000686
2026-08-21T08:28:26,Math-86,Defects4J,SR,bug_report,13.393,4153.741,0.001461,0.000679
2026-08-21T08:28:26,Math-87,Defects4J,SR,bug_report,15.794,3675.947,0.0014,0.00065
2026-08-21T08:28:26,Math-88,Defects4J,SR,bug_report,16.121,3683.293,0.001425,0.000662
2026-08-21T08:28:26,Math-89,Defects4J,SR,bug_report,7.866,2579.045,0.000858,0.000398
2026-08-21T08:28:26,Math-9,Defects4J,SR,bug_report,23.224,3616.433,0.001604,0.000745
2026-08-21T08:28:26,Math-90,Defects4J,SR,bug_report,7.817,2542.281,0.00085,0.000395
2026-08-21T08:28:26,Math-91,Defects4J,SR,bug_report,17.428,3270.5,0.001335,0.00062
2026-08-21T08:28:26,Math-92,Defects4J,SR,bug_report,13.992,3489.822,0.001294,0.000601
2026-08-21T08:28:26,Math-93,Defects4J,SR,bug_report,18.981,3623.926,0.001482,0.000689
2026-08-21T08:28:26,Math-94,Defects4J,SR,bug_report,10.986,2604.703,0.000964,0.000448
2026-08-21T08:28:26,Math-95,Defects4J,SR,bug_report,16.393,3912.208,0.001496,0.000695
2026-08-21T08:28:26,Math-96,Defects4J,SR,bug_report,17.522,4004.211,0.001543,0.000717
2026-08-21T08:28:26,Math-97,Defects4J,SR,bug_report,11.404,3194.429,0.001159,0.000538
2026-08-21T08:28:26,Math-98,Defects4J,SR,bug_report,14.513,3300.573,0.001253,0.000582
2026-08-21T08:28:26,Math-99,Defects4J,SR,bug_report,14.314,2973.203,0.001164,0.000541
2026-08-21T08:28:26,Mockito-1,Defects4J,SR,bug_report,13.989,3327.318,0.001259,0.000585
2026-08-21T08:28:26,Mockito-10,Defects4J,SR,bug_report,13.688,3495.202,0.00129,0.000599
2026-08-21T08:28:26,Mockito-11,Defects4J,SR,bug_report,16.881,3734.42,0.001452,0.000675
2026-08-21T08:28:26,Mockito-12,Defects4J,SR,bug_report,11.766,3042.148,0.001108,0.000515
2026-08-21T08:28:26,Mockito-13,Defects4J,SR,bug_report,11.768,3063.357,0.00111,0.000516
2026-08-21T08:28:26,Mockito-14,Defects4J,SR,bug_report,10.821,2913.234,0.001039,0.000483
2026-08-21T08:28:26,Mockito-15,Defects4J,SR,bug_report,8.464,2566.816,0.000879,0.000408
2026-08-21T08:28:26,Mockito-16,Defects4J,SR,bug_report,11.413,3006.059,0.001083,0.000503
2026-08-21T08:28:26,Mockito-17,Defects4J,SR,bug_report,11.368,3013.353,0.001086,0.000505
2026-08-21T08:28:26,Mockito-18,Defects4J,SR,bug_report,12.552,3430.081,0.001238,0.000575
2026-08-21T08:28:26,Mockito-19,Defects4J,SR,bug_report,13.174,3402.046,0.001244,0.000578
2026-08-21T08:28:26,Mockito-2,Defects4J,SR,bug_report,9.768,2617.104,0.00093,0.000432
2026-08-21T08:28:26,Mockito-20,Defects4J,SR,bug_report,12.943,3148.688,0.001175,0.000546
2026-08-21T08:28:26,Mockito-21,Defects4J,SR,bug_report,12.105,3079.735,0.001124,0.000522
2026-08-21T08:28:26,Mockito-22,Defects4J,SR,bug_report,10.657,2852.423,0.001033,0.00048
2026-08-21T08:28:26,Mockito-23,Defects4J,SR,bug_report,10.565,2891.623,0.001029,0.000478
2026-08-21T08:28:26,Mockito-24,Defects4J,SR,bug_report,10.59,2905.704,0.001031,0.000479
2026-08-21T08:28:26,Mockito-25,Defects4J,SR,bug_report,11.724,3001.81,0.001092,0.000507
2026-08-21T08:28:26,Mockito-26,Defects4J,SR,bug_report,11.665,3027.445,0.001097,0.00051
2026-08-21T08:28:26,Mockito-27,Defects4J,SR,bug_report,10.929,2916.066,0.001041,0.000484
2026-08-21T08:28:26,Mockito-28,Defects4J,SR,bug_report,8.395,2562.241,0.000872,0.000405
2026-08-21T08:28:26,Mockito-29,Defects4J,SR,bug_report,8.405,2490.449,0.000872,0.000405
2026-08-21T08:28:26,Mockito-3,Defects4J,SR,bug_report,13.888,3347.415,0.001252,0.000582
2026-08-21T08:28:26,Mockito-30,Defects4J,SR,bug_report,8.376,2559.122,0.000871,0.000405
2026-08-21T08:28:26,Mockito-31,Defects4J,SR,bug_report,8.36,2555.675,0.000872,0.000405
2026-08-21T08:28:26,Mockito-32,Defects4J,SR,bug_report,10.212,2777.299,0.000984,0.000457
2026-08-21T08:28:26,Mockito-33,Defects4J,SR,bug_report,10.254,2744.256,0.00099,0.00046
2026-08-21T08:28:26,Mockito-34,Defects4J,SR,bug_report,11.428,3009.282,0.001088,0.000505
2026-08-21T08:28:26,Mockito-35,Defects4J,SR,bug_report,9.426,2736.783,0.000956,0.000444
2026-08-21T08:28:26,Mockito-36,Defects4J,SR,bug_report,9.465,2747.696,0.000957,0.000445
2026-08-21T08:28:26,Mockito-37,Defects4J,SR,bug_report,9.363,2721.755,0.000945,0.000439
2026-08-21T08:28:26,Mockito-38,Defects4J,SR,bug_report,10.388,2900.362,0.001024,0.000476
2026-08-21T08:28:26,Mockito-4,Defects4J,SR,bug_report,8.175,2398.284,0.000825,0.000383
2026-08-21T08:28:26,Mockito-5,Defects4J,SR,bug_report,15.086,3945.744,0.001452,0.000674
2026-08-21T08:28:26,Mockito-6,Defects4J,SR,bug_report,14.346,3713.345,0.001363,0.000633
2026-08-21T08:28:26,Mockito-7,Defects4J,SR,bug_report,16.072,4212.624,0.001554,0.000722
2026-08-21T08:28:26,Mockito-8,Defects4J,SR,bug_report,8.629,2775.108,0.000943,0.000438
2026-08-21T08:28:26,Mockito-9,Defects4J,SR,bug_report,9.164,2492.876,0.000875,0.000406
2026-08-21T08:28:26,Time-1,Defects4J,SR,bug_report,13.866,3087.567,0.001194,0.000555
2026-08-21T08:28:26,Time-10,Defects4J,SR,bug_report,21.994,4367.884,0.001772,0.000823
2026-08-21T08:28:26,Time-11,Defects4J,SR,bug_report,12.896,4018.122,0.001409,0.000654
2026-08-21T08:28:26,Time-12,Defects4J,SR,bug_report,9.14,2947.804,0.001001,0.000465
2026-08-21T08:28:26,Time-13,Defects4J,SR,bug_report,29.2,4710.089,0.002087,0.00097
2026-08-21T08:28:26,Time-14,Defects4J,SR,bug_report,19.213,4668.239,0.001772,0.000823
2026-08-21T08:28:26,Time-15,Defects4J,SR,bug_report,22.728,3955.555,0.001679,0.00078
2026-08-21T08:28:26,Time-16,Defects4J,SR,bug_report,26.873,4528.787,0.001964,0.000913
2026-08-21T08:28:26,Time-17,Defects4J,SR,bug_report,8.008,2542.629,0.000862,0.000401
2026-08-21T08:28:26,Time-18,Defects4J,SR,bug_report,9.07,2879.086,0.000985,0.000458
2026-08-21T08:28:26,Time-19,Defects4J,SR,bug_report,8.134,2625.911,0.000882,0.00041
2026-08-21T08:28:26,Time-2,Defects4J,SR,bug_report,13.889,3130.508,0.001194,0.000555
2026-08-21T08:28:26,Time-20,Defects4J,SR,bug_report,13.917,3741.799,0.001362,0.000633
2026-08-21T08:28:26,Time-22,Defects4J,SR,bug_report,11.713,3027.681,0.001106,0.000514
2026-08-21T08:28:26,Time-23,Defects4J,SR,bug_report,10.723,2802.831,0.00102,0.000474
2026-08-21T08:28:26,Time-24,Defects4J,SR,bug_report,19.086,3526.681,0.001454,0.000675
2026-08-21T08:28:26,Time-25,Defects4J,SR,bug_report,5.411,1863.594,0.000594,0.000276
2026-08-21T08:28:26,Time-26,Defects4J,SR,bug_report,7.208,2323.815,0.000788,0.000366
2026-08-21T08:28:26,Time-27,Defects4J,SR,bug_report,17.31,4142.76,0.001571,0.00073
2026-08-21T08:28:26,Time-3,Defects4J,SR,bug_report,9.489,2987.017,0.001024,0.000476
2026-08-21T08:28:26,Time-4,Defects4J,SR,bug_report,13.53,3039.801,0.001155,0.000536
2026-08-21T08:28:26,Time-5,Defects4J,SR,bug_report,20.478,3849.444,0.001587,0.000737
2026-08-21T08:28:26,Time-6,Defects4J,SR,bug_report,9.735,3086.118,0.001057,0.000491
2026-08-21T08:28:26,Time-7,Defects4J,SR,bug_report,8.873,2860.129,0.000972,0.000452
2026-08-21T08:28:26,Time-8,Defects4J,SR,bug_report,9.632,3077.121,0.001056,0.000491
2026-08-21T08:28:26,Time-9,Defects4J,SR,bug_report,7.535,2466.377,0.000823,0.000382
2026-08-22T20:21:36,Chart-1,Defects4J,LR,bug_report,14.416,3004.858,0.001187,0.000551
2026-08-22T20:21:36,Chart-11,Defects4J,LR,bug_report,6.529,1935.801,0.000676,0.000314
2026-08-22T20:21:36,Chart-12,Defects4J,LR,bug_report,6.141,1915.28,0.00064,0.000297
2026-08-22T20:21:36,Chart-16,Defects4J,LR,bug_report,6.532,2043.529,0.000683,0.000317
2026-08-22T20:21:36,Chart-17,Defects4J,LR,bug_report,10.304,3199.735,0.001115,0.000518
2026-08-22T20:21:36,Chart-2,Defects4J,LR,bug_report,8.267,2598.15,0.000882,0.00041
2026-08-22T20:21:36,Chart-5,Defects4J,LR,bug_report,8.412,2647.991,0.000908,0.000422
2026-08-22T20:21:36,Chart-9,Defects4J,LR,bug_report,5.351,1817.269,0.00058,0.000269
2026-08-22T20:21:36,Cli-1,Defects4J,LR,bug_report,6.045,1987.622,0.000643,0.000299
2026-08-22T20:21:36,Cli-10,Defects4J,LR,bug_report,6.621,2192.556,0.000714,0.000332
2026-08-22T20:21:36,Cli-11,Defects4J,LR,bug_report,8.932,2884.902,0.00098,0.000455
2026-08-22T20:21:36,Cli-12,Defects4J,LR,bug_report,8.894,2883.923,0.000976,0.000454
2026-08-22T20:21:36,Cli-13,Defects4J,LR,bug_report,7.971,2594.53,0.000867,0.000403
2026-08-22T20:21:36,Cli-14,Defects4J,LR,bug_report,6.093,2062.89,0.000668,0.00031
2026-08-22T20:21:36,Cli-15,Defects4J,LR,bug_report,8.592,2762.083,0.000935,0.000435
2026-08-22T20:21:36,Cli-16,Defects4J,LR,bug_report,9.205,2975.234,0.001012,0.00047
2026-08-22T20:21:36,Cli-17,Defects4J,LR,bug_report,8.751,2817.833,0.00095,0.000441
2026-08-22T20:21:36,Cli-18,Defects4J,LR,bug_report,6.464,2105.552,0.000711,0.00033
2026-08-22T20:21:36,Cli-19,Defects4J,LR,bug_report,6.548,2179.722,0.000713,0.000331
2026-08-22T20:21:36,Cli-2,Defects4J,LR,bug_report,4.624,1633.128,0.00051,0.000237
2026-08-22T20:21:36,Cli-20,Defects4J,LR,bug_report,8.993,2898.3,0.000985,0.000457
2026-08-22T20:21:36,Cli-21,Defects4J,LR,bug_report,8.413,2714.486,0.000916,0.000426
2026-08-22T20:21:36,Cli-22,Defects4J,LR,bug_report,9.83,3155.542,0.001076,0.0005
2026-08-22T20:21:36,Cli-23,Defects4J,LR,bug_report,9.836,3136.451,0.001082,0.000503
2026-08-22T20:21:36,Cli-24,Defects4J,LR,bug_report,9.849,3155.394,0.001079,0.000501
2026-08-22T20:21:36,Cli-25,Defects4J,LR,bug_report,9.793,3160.23,0.001077,0.0005
2026-08-22T20:21:36,Cli-26,Defects4J,LR,bug_report,4.253,1530.122,0.000464,0.000215
2026-08-22T20:21:36,Cli-27,Defects4J,LR,bug_report,4.553,1621.321,0.000501,0.000233
2026-08-22T20:21:36,Cli-28,Defects4J,LR,bug_report,8.188,2600.211,0.000894,0.000415
2026-08-22T20:21:36,Cli-29,Defects4J,LR,bug_report,8.847,2869.357,0.000972,0.000452
2026-08-22T20:21:36,Cli-3,Defects4J,LR,bug_report,8.759,2860.987,0.000965,0.000448
2026-08-22T20:21:36,Cli-30,Defects4J,LR,bug_report,6.811,2262.473,0.000747,0.000347
2026-08-22T20:21:36,Cli-31,Defects4J,LR,bug_report,7.715,2529.687,0.000848,0.000394
2026-08-22T20:21:36,Cli-32,Defects4J,LR,bug_report,6.619,2222.005,0.000726,0.000337
2026-08-22T20:21:36,Cli-33,Defects4J,LR,bug_report,5.559,1835.497,0.000607,0.000282
2026-08-22T20:21:36,Cli-34,Defects4J,LR,bug_report,8.998,2880.677,0.000978,0.000455
2026-08-22T20:21:36,Cli-35,Defects4J,LR,bug_report,7.282,2390.378,0.000793,0.000368
2026-08-22T20:21:36,Cli-36,Defects4J,LR,bug_report,5.972,2036.132,0.000652,0.000303
2026-08-22T20:21:36,Cli-37,Defects4J,LR,bug_report,6.862,2266.751,0.000746,0.000347
2026-08-22T20:21:36,Cli-38,Defects4J,LR,bug_report,6.811,2209.415,0.000741,0.000344
2026-08-22T20:21:36,Cli-39,Defects4J,LR,bug_report,9.618,3069.342,0.00105,0.000488
2026-08-22T20:21:36,Cli-4,Defects4J,LR,bug_report,6.171,2090.38,0.000678,0.000315
2026-08-22T20:21:36,Cli-40,Defects4J,LR,bug_report,7.52,2503.009,0.000832,0.000387
2026-08-22T20:21:36,Cli-5,Defects4J,LR,bug_report,4.357,1556.851,0.000472,0.000219
2026-08-22T20:21:36,Cli-7,Defects4J,LR,bug_report,6.766,2239.932,0.000741,0.000344
2026-08-22T20:21:36,Cli-8,Defects4J,LR,bug_report,9.426,3052.776,0.001039,0.000483
2026-08-22T20:21:36,Cli-9,Defects4J,LR,bug_report,7.326,2417.512,0.000801,0.000372
2026-08-22T20:21:36,Closure-1,Defects4J,LR,bug_report,8.52,2746.22,0.000929,0.000431
2026-08-22T20:21:36,Closure-10,Defects4J,LR,bug_report,8.43,2723.27,0.000915,0.000425
2026-08-22T20:21:36,Closure-100,Defects4J,LR,bug_report,9.223,2955.947,0.00101,0.000469
2026-08-22T20:21:36,Closure-101,Defects4J,LR,bug_report,7.846,2552.622,0.000855,0.000397
2026-08-22T20:21:36,Closure-102,Defects4J,LR,bug_report,9.782,3106.419,0.001065,0.000495
2026-08-22T20:21:36,Closure-103,Defects4J,LR,bug_report,7.371,2419.007,0.000801,0.000372
2026-08-22T20:21:36,Closure-104,Defects4J,LR,bug_report,7.497,2437.799,0.000811,0.000377
2026-08-22T20:21:36,Closure-105,Defects4J,LR,bug_report,8.979,2891.045,0.000982,0.000456
2026-08-22T20:21:36,Closure-106,Defects4J,LR,bug_report,5.191,1786.479,0.000565,0.000262
2026-08-22T20:21:36,Closure-107,Defects4J,LR,bug_report,8.037,2531.494,0.000884,0.000411
2026-08-22T20:21:36,Closure-108,Defects4J,LR,bug_report,8.039,2630.651,0.00088,0.000409
2026-08-22T20:21:36,Closure-109,Defects4J,LR,bug_report,8.055,2645.087,0.000887,0.000412
2026-08-22T20:21:36,Closure-11,Defects4J,LR,bug_report,4.711,1655.371,0.000514,0.000239
2026-08-22T20:21:36,Closure-110,Defects4J,LR,bug_report,5.547,1889.451,0.000602,0.00028
2026-08-22T20:21:36,Closure-111,Defects4J,LR,bug_report,79.658,9011.46,0.00476,0.002211
2026-08-22T20:21:36,Closure-112,Defects4J,LR,bug_report,8.032,2515.859,0.000858,0.000399
2026-08-22T20:21:36,Closure-113,Defects4J,LR,bug_report,7.995,2536.941,0.000856,0.000398
2026-08-22T20:21:36,Closure-114,Defects4J,LR,bug_report,8.029,2564.817,0.000867,0.000403
2026-08-22T20:21:36,Closure-115,Defects4J,LR,bug_report,8.06,2581.706,0.00087,0.000404
2026-08-22T20:21:36,Closure-116,Defects4J,LR,bug_report,8.028,2553.031,0.000875,0.000406
2026-08-22T20:21:36,Closure-117,Defects4J,LR,bug_report,8.561,2728.745,0.000923,0.000429
2026-08-22T20:21:36,Closure-118,Defects4J,LR,bug_report,5.766,1944.714,0.000626,0.000291
2026-08-22T20:21:36,Closure-119,Defects4J,LR,bug_report,5.719,1927.536,0.000619,0.000287
2026-08-22T20:21:36,Closure-12,Defects4J,LR,bug_report,7.475,2436.014,0.000813,0.000377
2026-08-22T20:21:36,Closure-120,Defects4J,LR,bug_report,5.769,1950.849,0.000626,0.000291
2026-08-22T20:21:36,Closure-121,Defects4J,LR,bug_report,5.767,1938.276,0.000627,0.000291
2026-08-22T20:21:36,Closure-122,Defects4J,LR,bug_report,5.789,1950.153,0.000628,0.000292
2026-08-22T20:21:36,Closure-123,Defects4J,LR,bug_report,10.03,3182.422,0.001094,0.000508
2026-08-22T20:21:36,Closure-124,Defects4J,LR,bug_report,8.788,2783.723,0.000946,0.00044
2026-08-22T20:21:36,Closure-125,Defects4J,LR,bug_report,7.461,2411.244,0.000797,0.00037
2026-08-22T20:21:36,Closure-126,Defects4J,LR,bug_report,5.782,1949.652,0.000629,0.000292
2026-08-22T20:21:36,Closure-127,Defects4J,LR,bug_report,5.816,1912.032,0.000626,0.000291
2026-08-22T20:21:36,Closure-128,Defects4J,LR,bug_report,5.756,1947.849,0.000624,0.00029
2026-08-22T20:21:36,Closure-129,Defects4J,LR,bug_report,5.764,1953.151,0.000628,0.000292
2026-08-22T20:21:36,Closure-13,Defects4J,LR,bug_report,7.495,2465.599,0.000815,0.000379
2026-08-22T20:21:36,Closure-130,Defects4J,LR,bug_report,5.758,1948.571,0.000624,0.00029
2026-08-22T20:21:36,Closure-131,Defects4J,LR,bug_report,5.763,1950.701,0.00062,0.000288
2026-08-22T20:21:36,Closure-132,Defects4J,LR,bug_report,6.012,1937.565,0.000641,0.000298
2026-08-22T20:21:36,Closure-133,Defects4J,LR,bug_report,5.997,1921.511,0.000639,0.000297
2026-08-22T20:21:36,Closure-134,Defects4J,LR,bug_report,6.226,2094.151,0.000681,0.000316
2026-08-22T20:21:36,Closure-135,Defects4J,LR,bug_report,9.392,3007.517,0.001025,0.000476
2026-08-22T20:21:36,Closure-136,Defects4J,LR,bug_report,7.72,2530.306,0.000838,0.000389
2026-08-22T20:21:36,Closure-137,Defects4J,LR,bug_report,7.792,2543.085,0.000848,0.000394
2026-08-22T20:21:36,Closure-138,Defects4J,LR,bug_report,7.718,2445.371,0.000849,0.000394
2026-08-22T20:21:36,Closure-139,Defects4J,LR,bug_report,7.832,2548.449,0.000849,0.000394
2026-08-22T20:21:36,Closure-14,Defects4J,LR,bug_report,7.589,2490.711,0.000828,0.000385
2026-08-22T20:21:36,Closure-140,Defects4J,LR,bug_report,7.716,2532.817,0.00085,0.000395
2026-08-22T20:21:36,Closure-141,Defects4J,LR,bug_report,7.752,2538.24,0.000842,0.000391
2026-08-22T20:21:36,Closure-142,Defects4J,LR,bug_report,8.587,2773.181,0.000939,0.000436
2026-08-22T20:21:36,Closure-143,Defects4J,LR,bug_report,8.583,2783.613,0.000939,0.000436
2026-08-22T20:21:36,Closure-144,Defects4J,LR,bug_report,9.297,2997.556,0.001025,0.000476
2026-08-22T20:21:36,Closure-145,Defects4J,LR,bug_report,9.319,3003.84,0.001027,0.000477
2026-08-22T20:21:36,Closure-146,Defects4J,LR,bug_report,9.311,3005.457,0.001018,0.000473
2026-08-22T20:21:36,Closure-147,Defects4J,LR,bug_report,9.402,3002.243,0.001028,0.000477
2026-08-22T20:21:36,Closure-148,Defects4J,LR,bug_report,9.312,2942.408,0.00102,0.000474
2026-08-22T20:21:36,Closure-149,Defects4J,LR,bug_report,9.346,3013.605,0.001026,0.000477
2026-08-22T20:21:36,Closure-15,Defects4J,LR,bug_report,7.499,2470.049,0.000818,0.00038
2026-08-22T20:21:36,Closure-150,Defects4J,LR,bug_report,7.524,2472.946,0.000829,0.000385
2026-08-22T20:21:36,Closure-151,Defects4J,LR,bug_report,6.843,2283.018,0.000751,0.000349
2026-08-22T20:21:36,Closure-152,Defects4J,LR,bug_report,9.464,2988.637,0.001035,0.000481
2026-08-22T20:21:36,Closure-153,Defects4J,LR,bug_report,9.474,3040.52,0.001038,0.000482
2026-08-22T20:21:36,Closure-154,Defects4J,LR,bug_report,9.498,3036.16,0.001042,0.000484
2026-08-22T20:21:36,Closure-155,Defects4J,LR,bug_report,6.341,2111.521,0.000687,0.000319
2026-08-22T20:21:36,Closure-156,Defects4J,LR,bug_report,6.259,2112.362,0.000687,0.000319
2026-08-22T20:21:36,Closure-157,Defects4J,LR,bug_report,6.284,2080.893,0.000685,0.000318
2026-08-22T20:21:36,Closure-158,Defects4J,LR,bug_report,6.235,2097.996,0.000678,0.000315
2026-08-22T20:21:36,Closure-159,Defects4J,LR,bug_report,7.54,2468.434,0.000817,0.00038
2026-08-22T20:21:36,Closure-16,Defects4J,LR,bug_report,7.504,2451.762,0.000817,0.00038
2026-08-22T20:21:36,Closure-160,Defects4J,LR,bug_report,6.324,2118.832,0.00069,0.000321
2026-08-22T20:21:36,Closure-161,Defects4J,LR,bug_report,6.287,2049.05,0.00069,0.00032
2026-08-22T20:21:36,Closure-162,Defects4J,LR,bug_report,6.405,2055.264,0.000692,0.000322
2026-08-22T20:21:36,Closure-163,Defects4J,LR,bug_report,6.364,2114.487,0.000685,0.000318
2026-08-22T20:21:36,Closure-164,Defects4J,LR,bug_report,6.367,2109.299,0.000691,0.000321
2026-08-22T20:21:36,Closure-165,Defects4J,LR,bug_report,7.493,2445.11,0.000815,0.000379
2026-08-22T20:21:36,Closure-166,Defects4J,LR,bug_report,7.479,2447.875,0.000815,0.000379
2026-08-22T20:21:36,Closure-167,Defects4J,LR,bug_report,7.492,2454.231,0.000815,0.000379
2026-08-22T20:21:36,Closure-168,Defects4J,LR,bug_report,7.506,2426.145,0.000821,0.000381
2026-08-22T20:21:36,Closure-169,Defects4J,LR,bug_report,5.787,1959.473,0.000631,0.000293
2026-08-22T20:21:36,Closure-17,Defects4J,LR,bug_report,7.511,2450.988,0.000821,0.000382
2026-08-22T20:21:36,Closure-170,Defects4J,LR,bug_report,7.931,2571.848,0.000865,0.000402
2026-08-22T20:21:36,Closure-171,Defects4J,LR,bug_report,5.834,1957.535,0.000629,0.000292
2026-08-22T20:21:36,Closure-172,Defects4J,LR,bug_report,5.873,1963.997,0.000633,0.000294
2026-08-22T20:21:36,Closure-173,Defects4J,LR,bug_report,5.844,1964.588,0.000634,0.000295
2026-08-22T20:21:36,Closure-174,Defects4J,LR,bug_report,8.008,2620.629,0.000873,0.000406
2026-08-22T20:21:36,Closure-175,Defects4J,LR,bug_report,8.028,2613.439,0.000881,0.000409
2026-08-22T20:21:36,Closure-176,Defects4J,LR,bug_report,8.069,2614.871,0.00088,0.000409
2026-08-22T20:21:36,Closure-18,Defects4J,LR,bug_report,7.536,2456.665,0.000819,0.000381
2026-08-22T20:21:36,Closure-19,Defects4J,LR,bug_report,7.563,2463.699,0.000822,0.000382
2026-08-22T20:21:36,Closure-2,Defects4J,LR,bug_report,8.485,2730.299,0.000923,0.000429
2026-08-22T20:21:36,Closure-20,Defects4J,LR,bug_report,6.824,2176.228,0.000721,0.000335
2026-08-22T20:21:36,Closure-21,Defects4J,LR,bug_report,6.522,2124.28,0.000702,0.000326
2026-08-22T20:21:36,Closure-22,Defects4J,LR,bug_report,6.452,2130.088,0.000697,0.000324
2026-08-22T20:21:36,Closure-23,Defects4J,LR,bug_report,7.605,2456.863,0.000826,0.000384
2026-08-22T20:21:36,Closure-24,Defects4J,LR,bug_report,7.575,2390.832,0.000819,0.000381
2026-08-22T20:21:36,Closure-25,Defects4J,LR,bug_report,7.586,2485.805,0.000826,0.000384
2026-08-22T20:21:36,Closure-26,Defects4J,LR,bug_report,7.555,2457.014,0.000817,0.00038
2026-08-22T20:21:36,Closure-27,Defects4J,LR,bug_report,7.5,2457.141,0.000816,0.000379
2026-08-22T20:21:36,Closure-28,Defects4J,LR,bug_report,7.497,2466.652,0.000815,0.000379
2026-08-22T20:21:36,Closure-29,Defects4J,LR,bug_report,7.474,2445.972,0.000816,0.000379
2026-08-22T20:21:36,Closure-3,Defects4J,LR,bug_report,5.747,1883.847,0.000624,0.00029
2026-08-22T20:21:36,Closure-30,Defects4J,LR,bug_report,6.187,2047.021,0.000667,0.00031
2026-08-22T20:21:36,Closure-31,Defects4J,LR,bug_report,6.095,2048.315,0.000664,0.000308
2026-08-22T20:21:36,Closure-32,Defects4J,LR,bug_report,9.033,2905.623,0.000982,0.000456
2026-08-22T20:21:36,Closure-33,Defects4J,LR,bug_report,6.327,2110.269,0.000692,0.000322
2026-08-22T20:21:36,Closure-34,Defects4J,LR,bug_report,6.412,2130.151,0.000695,0.000323
2026-08-22T20:21:36,Closure-35,Defects4J,LR,bug_report,6.329,2042.32,0.000693,0.000322
2026-08-22T20:21:36,Closure-36,Defects4J,LR,bug_report,6.32,2112.064,0.000685,0.000318
2026-08-22T20:21:36,Closure-37,Defects4J,LR,bug_report,6.646,2145.468,0.000707,0.000329
2026-08-22T20:21:36,Closure-38,Defects4J,LR,bug_report,6.408,2123.533,0.000691,0.000321
2026-08-22T20:21:36,Closure-39,Defects4J,LR,bug_report,6.438,2128.579,0.000696,0.000324
2026-08-22T20:21:36,Closure-4,Defects4J,LR,bug_report,5.756,1949.042,0.000624,0.00029
2026-08-22T20:21:36,Closure-40,Defects4J,LR,bug_report,6.335,2090.62,0.000691,0.000321
2026-08-22T20:21:36,Closure-41,Defects4J,LR,bug_report,6.312,2106.771,0.000684,0.000318
2026-08-22T20:21:36,Closure-42,Defects4J,LR,bug_report,6.337,2117.66,0.000691,0.000321
2026-08-22T20:21:36,Closure-43,Defects4J,LR,bug_report,6.309,2109.129,0.000686,0.000319
2026-08-22T20:21:36,Closure-44,Defects4J,LR,bug_report,8.632,2772.825,0.000937,0.000435
2026-08-22T20:21:36,Closure-45,Defects4J,LR,bug_report,8.632,2774.634,0.000938,0.000436
2026-08-22T20:21:36,Closure-46,Defects4J,LR,bug_report,6.311,2064.552,0.000685,0.000318
2026-08-22T20:21:36,Closure-47,Defects4J,LR,bug_report,6.318,2114.602,0.000692,0.000321
2026-08-22T20:21:36,Closure-48,Defects4J,LR,bug_report,6.309,2112.889,0.000687,0.000319
2026-08-22T20:21:36,Closure-49,Defects4J,LR,bug_report,6.298,2114.044,0.000684,0.000318
2026-08-22T20:21:36,Closure-5,Defects4J,LR,bug_report,8.457,2723.026,0.000923,0.000429
2026-08-22T20:21:36,Closure-50,Defects4J,LR,bug_report,6.325,2110.23,0.000685,0.000318
2026-08-22T20:21:36,Closure-51,Defects4J,LR,bug_report,6.291,2050.324,0.000684,0.000318
2026-08-22T20:21:36,Closure-52,Defects4J,LR,bug_report,6.409,2138.204,0.000698,0.000324
2026-08-22T20:21:36,Closure-53,Defects4J,LR,bug_report,6.352,2122.484,0.000692,0.000322
2026-08-22T20:21:36,Closure-54,Defects4J,LR,bug_report,6.318,2109.075,0.000687,0.000319
2026-08-22T20:21:36,Closure-55,Defects4J,LR,bug_report,6.354,2120.067,0.000692,0.000321
2026-08-22T20:21:36,Closure-56,Defects4J,LR,bug_report,6.374,2119.028,0.000692,0.000322
2026-08-22T20:21:36,Closure-57,Defects4J,LR,bug_report,6.379,2126.799,0.000693,0.000322
2026-08-22T20:21:36,Closure-58,Defects4J,LR,bug_report,6.399,2114.84,0.000692,0.000321
2026-08-22T20:21:36,Closure-59,Defects4J,LR,bug_report,6.243,2053.953,0.000676,0.000314
2026-08-22T20:21:36,Closure-6,Defects4J,LR,bug_report,8.44,2733.319,0.000923,0.000429
2026-08-22T20:21:36,Closure-60,Defects4J,LR,bug_report,6.318,2102.134,0.000685,0.000318
2026-08-22T20:21:36,Closure-61,Defects4J,LR,bug_report,6.362,2113.238,0.00069,0.000321
2026-08-22T20:21:36,Closure-62,Defects4J,LR,bug_report,6.326,2111.014,0.000688,0.00032
2026-08-22T20:21:36,Closure-64,Defects4J,LR,bug_report,6.279,2068.036,0.000685,0.000318
2026-08-22T20:21:36,Closure-65,Defects4J,LR,bug_report,6.341,2098.818,0.000689,0.00032
2026-08-22T20:21:36,Closure-66,Defects4J,LR,bug_report,6.332,2112.439,0.000689,0.00032
2026-08-22T20:21:36,Closure-67,Defects4J,LR,bug_report,6.294,2091.269,0.000689,0.00032
2026-08-22T20:21:36,Closure-68,Defects4J,LR,bug_report,6.339,2107.798,0.000682,0.000317
2026-08-22T20:21:36,Closure-69,Defects4J,LR,bug_report,6.348,2099.759,0.000688,0.00032
2026-08-22T20:21:36,Closure-7,Defects4J,LR,bug_report,5.833,1885.122,0.000629,0.000292
2026-08-22T20:21:36,Closure-70,Defects4J,LR,bug_report,6.286,2016.591,0.000682,0.000317
2026-08-22T20:21:36,Closure-71,Defects4J,LR,bug_report,6.256,2091.83,0.000683,0.000317
2026-08-22T20:21:36,Closure-72,Defects4J,LR,bug_report,6.367,2099.038,0.000688,0.000319
2026-08-22T20:21:36,Closure-73,Defects4J,LR,bug_report,7.637,2471.256,0.000829,0.000385
2026-08-22T20:21:36,Closure-74,Defects4J,LR,bug_report,7.566,2474.068,0.000825,0.000383
2026-08-22T20:21:36,Closure-75,Defects4J,LR,bug_report,6.322,2105.818,0.000683,0.000317
2026-08-22T20:21:36,Closure-76,Defects4J,LR,bug_report,6.321,2099.841,0.000683,0.000317
2026-08-22T20:21:36,Closure-77,Defects4J,LR,bug_report,6.233,2098.03,0.000677,0.000314
2026-08-22T20:21:36,Closure-78,Defects4J,LR,bug_report,6.29,2102.188,0.000683,0.000317
2026-08-22T20:21:36,Closure-79,Defects4J,LR,bug_report,9.422,3009.758,0.001025,0.000476
2026-08-22T20:21:36,Closure-8,Defects4J,LR,bug_report,5.755,1963.583,0.000631,0.000293
2026-08-22T20:21:36,Closure-80,Defects4J,LR,bug_report,9.565,3029.143,0.001038,0.000482
2026-08-22T20:21:36,Closure-81,Defects4J,LR,bug_report,9.482,3023.897,0.001033,0.00048
2026-08-22T20:21:36,Closure-82,Defects4J,LR,bug_report,7.51,2466.182,0.000821,0.000381
2026-08-22T20:21:36,Closure-83,Defects4J,LR,bug_report,7.558,2438.55,0.000825,0.000383
2026-08-22T20:21:36,Closure-84,Defects4J,LR,bug_report,7.537,2436.322,0.000822,0.000382
2026-08-22T20:21:36,Closure-85,Defects4J,LR,bug_report,9.817,3064.05,0.001057,0.000491
2026-08-22T20:21:36,Closure-86,Defects4J,LR,bug_report,7.505,2473.911,0.00082,0.000381
2026-08-22T20:21:36,Closure-87,Defects4J,LR,bug_report,9.481,3029.178,0.001034,0.00048
2026-08-22T20:21:36,Closure-88,Defects4J,LR,bug_report,9.442,3033.455,0.001035,0.000481
2026-08-22T20:21:36,Closure-89,Defects4J,LR,bug_report,9.44,3024.096,0.001029,0.000478
2026-08-22T20:21:36,Closure-9,Defects4J,LR,bug_report,5.93,1931.594,0.000636,0.000296
2026-08-22T20:21:36,Closure-90,Defects4J,LR,bug_report,9.429,3024.608,0.001029,0.000478
2026-08-22T20:21:36,Closure-91,Defects4J,LR,bug_report,9.534,3048.855,0.001042,0.000484
2026-08-22T20:21:36,Closure-92,Defects4J,LR,bug_report,9.443,3038.728,0.001036,0.000481
2026-08-22T20:21:36,Closure-94,Defects4J,LR,bug_report,9.453,3027.875,0.00103,0.000479
2026-08-22T20:21:36,Closure-95,Defects4J,LR,bug_report,7.535,2407.351,0.000822,0.000382
2026-08-22T20:21:36,Closure-96,Defects4J,LR,bug_report,10.416,3270.459,0.001147,0.000533
2026-08-22T20:21:36,Closure-97,Defects4J,LR,bug_report,8.832,2830.648,0.000957,0.000445
2026-08-22T20:21:36,Closure-98,Defects4J,LR,bug_report,9.368,3014.494,0.001026,0.000477
2026-08-22T20:21:36,Closure-99,Defects4J,LR,bug_report,9.532,3020.265,0.001038,0.000482
2026-08-22T20:21:36,Codec-1,Defects4J,LR,bug_report,8.614,2827.117,0.000947,0.00044
2026-08-22T20:21:36,Codec-10,Defects4J,LR,bug_report,7.506,2479.402,0.000822,0.000382
2026-08-22T20:21:36,Codec-11,Defects4J,LR,bug_report,6.381,2160.031,0.000703,0.000327
2026-08-22T20:21:36,Codec-12,Defects4J,LR,bug_report,4.995,1765.007,0.000547,0.000254
2026-08-22T20:21:36,Codec-13,Defects4J,LR,bug_report,7.469,2479.061,0.000824,0.000383
2026-08-22T20:21:36,Codec-14,Defects4J,LR,bug_report,8.967,2896.367,0.000985,0.000458
2026-08-22T20:21:36,Codec-15,Defects4J,LR,bug_report,5.289,1746.65,0.000577,0.000268
2026-08-22T20:21:36,Codec-16,Defects4J,LR,bug_report,35.333,10658.188,0.00392,0.001821
2026-08-22T20:21:36,Codec-17,Defects4J,LR,bug_report,8.72,2871.279,0.000965,0.000449
2026-08-22T20:21:36,Codec-18,Defects4J,LR,bug_report,6.279,2151.627,0.000697,0.000324
2026-08-22T20:21:36,Codec-2,Defects4J,LR,bug_report,6.497,2205.528,0.000718,0.000334
2026-08-22T20:21:36,Codec-3,Defects4J,LR,bug_report,10.524,3371.653,0.001157,0.000538
2026-08-22T20:21:36,Codec-4,Defects4J,LR,bug_report,9.871,3196.343,0.001086,0.000505
2026-08-22T20:21:36,Codec-5,Defects4J,LR,bug_report,7.078,2390.266,0.000783,0.000364
2026-08-22T20:21:36,Codec-6,Defects4J,LR,bug_report,7.735,2544.737,0.000845,0.000392
2026-08-22T20:21:36,Codec-7,Defects4J,LR,bug_report,5.635,1927.777,0.000617,0.000287
2026-08-22T20:21:36,Codec-8,Defects4J,LR,bug_report,8.964,2886.097,0.000981,0.000456
2026-08-22T20:21:36,Codec-9,Defects4J,LR,bug_report,8.594,2807.827,0.000942,0.000438
2026-08-22T20:21:36,Collections-1,Defects4J,LR,bug_report,7.287,2418.742,0.0008,0.000372
2026-08-22T20:21:36,Collections-10,Defects4J,LR,bug_report,7.959,2613.005,0.000874,0.000406
2026-08-22T20:21:36,Collections-11,Defects4J,LR,bug_report,7.704,2540.223,0.000845,0.000392
2026-08-22T20:21:36,Collections-12,Defects4J,LR,bug_report,9.903,3169.693,0.001085,0.000504
2026-08-22T20:21:36,Collections-13,Defects4J,LR,bug_report,6.371,2158.698,0.000702,0.000326
2026-08-22T20:21:36,Collections-14,Defects4J,LR,bug_report,7.794,2553.475,0.000854,0.000397
2026-08-22T20:21:36,Collections-15,Defects4J,LR,bug_report,9.507,3055.187,0.001042,0.000484
2026-08-22T20:21:36,Collections-16,Defects4J,LR,bug_report,4.661,1629.808,0.000508,0.000236
2026-08-22T20:21:36,Collections-17,Defects4J,LR,bug_report,7.373,2410.134,0.0008,0.000372
2026-08-22T20:21:36,Collections-18,Defects4J,LR,bug_report,8.107,2636.228,0.000879,0.000408
2026-08-22T20:21:36,Collections-19,Defects4J,LR,bug_report,8.683,2815.772,0.000954,0.000443
2026-08-22T20:21:36,Collections-2,Defects4J,LR,bug_report,7.702,2495.813,0.000843,0.000392
2026-08-22T20:21:36,Collections-20,Defects4J,LR,bug_report,4.809,1686.398,0.000522,0.000243
2026-08-22T20:21:36,Collections-21,Defects4J,LR,bug_report,7.173,2383.377,0.000787,0.000366
2026-08-22T20:21:36,Collections-22,Defects4J,LR,bug_report,10.291,3255.18,0.001122,0.000521
2026-08-22T20:21:36,Collections-23,Defects4J,LR,bug_report,7.817,2548.331,0.000853,0.000396
2026-08-22T20:21:36,Collections-24,Defects4J,LR,bug_report,6.964,2269.003,0.000751,0.000349
2026-08-22T20:21:36,Collections-25,Defects4J,LR,bug_report,8.43,2730.661,0.00092,0.000427
2026-08-22T20:21:36,Collections-26,Defects4J,LR,bug_report,5.669,1869.817,0.000622,0.000289
2026-08-22T20:21:36,Collections-27,Defects4J,LR,bug_report,6.555,2201.984,0.000723,0.000336
2026-08-22T20:21:36,Collections-28,Defects4J,LR,bug_report,9.105,2966.043,0.001004,0.000466
2026-08-22T20:21:36,Collections-3,Defects4J,LR,bug_report,9.386,3026.878,0.001031,0.000479
2026-08-22T20:21:36,Collections-4,Defects4J,LR,bug_report,8.186,2609.037,0.000901,0.000419
2026-08-22T20:21:36,Collections-5,Defects4J,LR,bug_report,7.591,2502.578,0.000834,0.000388
2026-08-22T20:21:36,Collections-6,Defects4J,LR,bug_report,7.938,2623.252,0.000877,0.000407
2026-08-22T20:21:36,Collections-7,Defects4J,LR,bug_report,7.135,2383.283,0.000783,0.000364
2026-08-22T20:21:36,Collections-8,Defects4J,LR,bug_report,8.276,2710.622,0.000911,0.000423
2026-08-22T20:21:36,Collections-9,Defects4J,LR,bug_report,9.921,3184.586,0.001091,0.000507
2026-08-22T20:21:36,Compress-1,Defects4J,LR,bug_report,7.516,2482.228,0.000824,0.000383
2026-08-22T20:21:36,Compress-10,Defects4J,LR,bug_report,8.63,2718.564,0.000942,0.000438
2026-08-22T20:21:36,Compress-11,Defects4J,LR,bug_report,7.888,2613.431,0.00087,0.000404
2026-08-22T20:21:36,Compress-12,Defects4J,LR,bug_report,10.7,3439.696,0.001184,0.00055
2026-08-22T20:21:36,Compress-13,Defects4J,LR,bug_report,7.576,2534.74,0.000835,0.000388
2026-08-22T20:21:36,Compress-14,Defects4J,LR,bug_report,10.709,3434.241,0.00118,0.000548
2026-08-22T20:21:36,Compress-15,Defects4J,LR,bug_report,11.72,3710.122,0.001285,0.000597
2026-08-22T20:21:36,Compress-16,Defects4J,LR,bug_report,8.608,2806.131,0.000943,0.000438
2026-08-22T20:21:36,Compress-17,Defects4J,LR,bug_report,7.792,2551.182,0.00085,0.000395
2026-08-22T20:21:36,Compress-18,Defects4J,LR,bug_report,8.964,2895.601,0.000982,0.000456
2026-08-22T20:21:36,Compress-19,Defects4J,LR,bug_report,9.528,3062.964,0.001044,0.000485
2026-08-22T20:21:36,Compress-2,Defects4J,LR,bug_report,7.148,2376.427,0.000788,0.000366
2026-08-22T20:21:36,Compress-20,Defects4J,LR,bug_report,8.598,2808.431,0.000946,0.000439
2026-08-22T20:21:36,Compress-21,Defects4J,LR,bug_report,7.114,2366.214,0.000777,0.000361
2026-08-22T20:21:36,Compress-22,Defects4J,LR,bug_report,7.726,2471.081,0.000833,0.000387
2026-08-22T20:21:36,Compress-23,Defects4J,LR,bug_report,9.284,2931.478,0.00102,0.000474
2026-08-22T20:21:36,Compress-24,Defects4J,LR,bug_report,10.018,3227.244,0.001106,0.000514
2026-08-22T20:21:36,Compress-25,Defects4J,LR,bug_report,7.618,2554.362,0.000849,0.000394
2026-08-22T20:21:36,Compress-26,Defects4J,LR,bug_report,8.077,2638.33,0.000881,0.000409
2026-08-22T20:21:36,Compress-27,Defects4J,LR,bug_report,9.938,3225.902,0.001103,0.000512
2026-08-22T20:21:36,Compress-28,Defects4J,LR,bug_report,6.592,2209.55,0.000723,0.000336
2026-08-22T20:21:36,Compress-29,Defects4J,LR,bug_report,6.061,2051.974,0.000661,0.000307
2026-08-22T20:21:36,Compress-3,Defects4J,LR,bug_report,6.314,2127.2,0.000691,0.000321
2026-08-22T20:21:36,Compress-30,Defects4J,LR,bug_report,7.702,2543.516,0.000846,0.000393
2026-08-22T20:21:36,Compress-31,Defects4J,LR,bug_report,6.899,2319.681,0.000763,0.000354
2026-08-22T20:21:36,Compress-32,Defects4J,LR,bug_report,9.455,3060.971,0.001042,0.000484
2026-08-22T20:21:36,Compress-33,Defects4J,LR,bug_report,8.434,2730.064,0.000922,0.000428
2026-08-22T20:21:36,Compress-34,Defects4J,LR,bug_report,8.284,2730.041,0.000916,0.000425
2026-08-22T20:21:36,Compress-35,Defects4J,LR,bug_report,9.613,3086.58,0.001059,0.000492
2026-08-22T20:21:36,Compress-36,Defects4J,LR,bug_report,7.796,2559.746,0.000855,0.000397
2026-08-22T20:21:36,Compress-37,Defects4J,LR,bug_report,9.309,3004.782,0.001023,0.000475
2026-08-22T20:21:36,Compress-38,Defects4J,LR,bug_report,4.555,1613.963,0.000496,0.000231
2026-08-22T20:21:36,Compress-39,Defects4J,LR,bug_report,8.38,2665.241,0.000919,0.000427
2026-08-22T20:21:36,Compress-4,Defects4J,LR,bug_report,6.351,2140.828,0.000697,0.000324
2026-08-22T20:21:36,Compress-40,Defects4J,LR,bug_report,6.887,2321.587,0.000758,0.000352
2026-08-22T20:21:36,Compress-41,Defects4J,LR,bug_report,5.797,1999.211,0.000637,0.000296
2026-08-22T20:21:36,Compress-42,Defects4J,LR,bug_report,9.302,2931.629,0.001008,0.000468
2026-08-22T20:21:36,Compress-43,Defects4J,LR,bug_report,9.604,3092.097,0.001054,0.00049
2026-08-22T20:21:36,Compress-44,Defects4J,LR,bug_report,6.482,2180.497,0.000712,0.000331
2026-08-22T20:21:36,Compress-45,Defects4J,LR,bug_report,6.945,2295.72,0.000761,0.000353
2026-08-22T20:21:36,Compress-46,Defects4J,LR,bug_report,8.232,2680.861,0.000897,0.000417
2026-08-22T20:21:36,Compress-47,Defects4J,LR,bug_report,7.071,2305.854,0.000779,0.000362
2026-08-22T20:21:36,Compress-5,Defects4J,LR,bug_report,9.114,2944.825,0.001,0.000465
2026-08-22T20:21:36,Compress-6,Defects4J,LR,bug_report,7.368,2383.69,0.000809,0.000376
2026-08-22T20:21:36,Compress-7,Defects4J,LR,bug_report,5.534,1936.09,0.000614,0.000285
2026-08-22T20:21:36,Compress-8,Defects4J,LR,bug_report,7.218,2396.909,0.000789,0.000367
2026-08-22T20:21:36,Compress-9,Defects4J,LR,bug_report,9.426,3019.836,0.001031,0.000479
2026-08-22T20:21:36,Csv-1,Defects4J,LR,bug_report,6.712,2254.364,0.000733,0.000341
2026-08-22T20:21:36,Csv-10,Defects4J,LR,bug_report,6.188,2091.898,0.000679,0.000315
2026-08-22T20:21:36,Csv-11,Defects4J,LR,bug_report,8.781,2747.147,0.00096,0.000446
2026-08-22T20:21:36,Csv-12,Defects4J,LR,bug_report,4.339,1584.822,0.000482,0.000224
2026-08-22T20:21:36,Csv-13,Defects4J,LR,bug_report,6.17,2083.72,0.000676,0.000314
2026-08-22T20:21:36,Csv-14,Defects4J,LR,bug_report,8.879,2872.212,0.000974,0.000453
2026-08-22T20:21:36,Csv-15,Defects4J,LR,bug_report,9.874,3167.616,0.001084,0.000503
2026-08-22T20:21:36,Csv-16,Defects4J,LR,bug_report,4.795,1702.226,0.00053,0.000246
2026-08-22T20:21:36,Csv-2,Defects4J,LR,bug_report,8.0,2630.14,0.000875,0.000407
2026-08-22T20:21:36,Csv-3,Defects4J,LR,bug_report,9.019,2915.193,0.000993,0.000461
2026-08-22T20:21:36,Csv-4,Defects4J,LR,bug_report,7.779,2562.139,0.000856,0.000397
2026-08-22T20:21:36,Csv-5,Defects4J,LR,bug_report,7.699,2541.491,0.000852,0.000396
2026-08-22T20:21:36,Csv-6,Defects4J,LR,bug_report,7.568,2502.255,0.000833,0.000387
2026-08-22T20:21:36,Csv-7,Defects4J,LR,bug_report,9.673,3054.056,0.001068,0.000496
2026-08-22T20:21:36,Csv-8,Defects4J,LR,bug_report,6.126,2080.796,0.000672,0.000312
2026-08-22T20:21:36,Csv-9,Defects4J,LR,bug_report,4.141,1504.657,0.000451,0.00021
2026-08-22T20:21:36,Gson-1,Defects4J,LR,bug_report,10.409,3345.557,0.001144,0.000531
2026-08-22T20:21:36,Gson-10,Defects4J,LR,bug_report,6.845,2306.3,0.000757,0.000352
2026-08-22T20:21:36,Gson-11,Defects4J,LR,bug_report,6.704,2258.315,0.000739,0.000343
2026-08-22T20:21:36,Gson-12,Defects4J,LR,bug_report,6.831,2187.581,0.000745,0.000346
2026-08-22T20:21:36,Gson-13,Defects4J,LR,bug_report,8.189,2685.68,0.000906,0.000421
2026-08-22T20:21:36,Gson-14,Defects4J,LR,bug_report,9.346,3014.331,0.00103,0.000479
2026-08-22T20:21:36,Gson-15,Defects4J,LR,bug_report,8.865,2868.37,0.000973,0.000452
2026-08-22T20:21:36,Gson-16,Defects4J,LR,bug_report,8.778,2881.174,0.000971,0.000451
2026-08-22T20:21:36,Gson-17,Defects4J,LR,bug_report,9.464,3038.215,0.00105,0.000488
2026-08-22T20:21:36,Gson-18,Defects4J,LR,bug_report,8.233,2653.581,0.000898,0.000417
2026-08-22T20:21:36,Gson-2,Defects4J,LR,bug_report,5.491,1896.508,0.000603,0.00028
2026-08-22T20:21:36,Gson-3,Defects4J,LR,bug_report,6.122,2061.705,0.000665,0.000309
2026-08-22T20:21:36,Gson-4,Defects4J,LR,bug_report,9.736,3128.034,0.00107,0.000497
2026-08-22T20:21:36,Gson-5,Defects4J,LR,bug_report,7.959,2590.923,0.000867,0.000403
2026-08-22T20:21:36,Gson-6,Defects4J,LR,bug_report,9.446,3086.192,0.00105,0.000488
2026-08-22T20:21:36,Gson-7,Defects4J,LR,bug_report,7.362,2435.076,0.000808,0.000375
2026-08-22T20:21:36,Gson-8,Defects4J,LR,bug_report,7.989,2607.137,0.000874,0.000406
2026-08-22T20:21:36,Gson-9,Defects4J,LR,bug_report,6.564,2198.238,0.000719,0.000334
2026-08-22T20:21:36,JacksonCore-1,Defects4J,LR,bug_report,10.128,3208.712,0.001107,0.000514
2026-08-22T20:21:36,JacksonCore-10,Defects4J,LR,bug_report,7.971,2605.87,0.00087,0.000404
2026-08-22T20:21:36,JacksonCore-11,Defects4J,LR,bug_report,8.549,2826.696,0.000948,0.000441
2026-08-22T20:21:36,JacksonCore-12,Defects4J,LR,bug_report,8.34,2721.534,0.000915,0.000425
2026-08-22T20:21:36,JacksonCore-13,Defects4J,LR,bug_report,10.354,3318.283,0.001135,0.000527
2026-08-22T20:21:36,JacksonCore-14,Defects4J,LR,bug_report,4.437,1592.007,0.000487,0.000226
2026-08-22T20:21:36,JacksonCore-15,Defects4J,LR,bug_report,13.29,4106.282,0.001466,0.000681
2026-08-22T20:21:36,JacksonCore-16,Defects4J,LR,bug_report,5.307,1784.616,0.000582,0.000271
2026-08-22T20:21:36,JacksonCore-17,Defects4J,LR,bug_report,10.353,3317.585,0.001137,0.000528
2026-08-22T20:21:36,JacksonCore-18,Defects4J,LR,bug_report,8.985,2917.278,0.000989,0.00046
2026-08-22T20:21:36,JacksonCore-19,Defects4J,LR,bug_report,11.294,3617.2,0.001251,0.000581
2026-08-22T20:21:36,JacksonCore-2,Defects4J,LR,bug_report,9.849,3171.584,0.001079,0.000501
2026-08-22T20:21:36,JacksonCore-20,Defects4J,LR,bug_report,4.039,1487.19,0.000448,0.000208
2026-08-22T20:21:36,JacksonCore-21,Defects4J,LR,bug_report,12.333,3874.679,0.00135,0.000627
2026-08-22T20:21:36,JacksonCore-22,Defects4J,LR,bug_report,4.781,1691.998,0.000525,0.000244
2026-08-22T20:21:36,JacksonCore-23,Defects4J,LR,bug_report,7.673,2470.065,0.000842,0.000391
2026-08-22T20:21:36,JacksonCore-24,Defects4J,LR,bug_report,9.212,2926.805,0.00101,0.000469
2026-08-22T20:21:36,JacksonCore-25,Defects4J,LR,bug_report,7.085,2379.115,0.000784,0.000364
2026-08-22T20:21:36,JacksonCore-26,Defects4J,LR,bug_report,8.165,2660.403,0.000891,0.000414
2026-08-22T20:21:36,JacksonCore-3,Defects4J,LR,bug_report,7.299,2427.412,0.0008,0.000371
2026-08-22T20:21:36,JacksonCore-4,Defects4J,LR,bug_report,8.966,2845.527,0.000991,0.00046
2026-08-22T20:21:36,JacksonCore-5,Defects4J,LR,bug_report,6.359,2149.668,0.0007,0.000325
2026-08-22T20:21:36,JacksonCore-6,Defects4J,LR,bug_report,6.216,2014.696,0.000685,0.000318
2026-08-22T20:21:36,JacksonCore-7,Defects4J,LR,bug_report,6.62,2197.556,0.000721,0.000335
2026-08-22T20:21:36,JacksonCore-8,Defects4J,LR,bug_report,5.475,1866.983,0.000595,0.000277
2026-08-22T20:21:36,JacksonCore-9,Defects4J,LR,bug_report,6.879,2278.007,0.000751,0.000349
2026-08-22T20:21:36,JacksonDatabind-1,Defects4J,LR,bug_report,7.87,2584.719,0.000864,0.000402
2026-08-22T20:21:36,JacksonDatabind-10,Defects4J,LR,bug_report,8.03,2614.034,0.000875,0.000406
2026-08-22T20:21:36,JacksonDatabind-100,Defects4J,LR,bug_report,7.159,2358.232,0.000781,0.000363
2026-08-22T20:21:36,JacksonDatabind-101,Defects4J,LR,bug_report,8.208,2679.557,0.000898,0.000417
2026-08-22T20:21:36,JacksonDatabind-102,Defects4J,LR,bug_report,8.542,2763.082,0.000928,0.000431
2026-08-22T20:21:36,JacksonDatabind-103,Defects4J,LR,bug_report,5.018,1743.615,0.000551,0.000256
2026-08-22T20:21:36,JacksonDatabind-104,Defects4J,LR,bug_report,9.406,3045.53,0.001034,0.000481
2026-08-22T20:21:36,JacksonDatabind-105,Defects4J,LR,bug_report,9.218,2945.218,0.001009,0.000469
2026-08-22T20:21:36,JacksonDatabind-106,Defects4J,LR,bug_report,5.796,1978.607,0.000636,0.000295
2026-08-22T20:21:36,JacksonDatabind-107,Defects4J,LR,bug_report,6.608,2208.741,0.000722,0.000335
2026-08-22T20:21:36,JacksonDatabind-108,Defects4J,LR,bug_report,6.275,2111.915,0.000686,0.000319
2026-08-22T20:21:36,JacksonDatabind-109,Defects4J,LR,bug_report,9.507,3026.537,0.001039,0.000483
2026-08-22T20:21:36,JacksonDatabind-11,Defects4J,LR,bug_report,5.585,1906.612,0.00061,0.000283
2026-08-22T20:21:36,JacksonDatabind-110,Defects4J,LR,bug_report,7.648,2469.228,0.000831,0.000386
2026-08-22T20:21:36,JacksonDatabind-111,Defects4J,LR,bug_report,5.883,1992.15,0.00064,0.000298
2026-08-22T20:21:36,JacksonDatabind-112,Defects4J,LR,bug_report,5.524,1902.049,0.000607,0.000282
2026-08-22T20:21:36,JacksonDatabind-12,Defects4J,LR,bug_report,7.834,2563.767,0.000862,0.0004
2026-08-22T20:21:36,JacksonDatabind-13,Defects4J,LR,bug_report,8.096,2623.91,0.000887,0.000412
2026-08-22T20:21:36,JacksonDatabind-14,Defects4J,LR,bug_report,6.995,2275.613,0.000766,0.000356
2026-08-22T20:21:36,JacksonDatabind-15,Defects4J,LR,bug_report,8.982,2870.804,0.000989,0.00046
2026-08-22T20:21:36,JacksonDatabind-16,Defects4J,LR,bug_report,5.25,1826.622,0.000572,0.000266
2026-08-22T20:21:36,JacksonDatabind-17,Defects4J,LR,bug_report,6.625,2131.227,0.000732,0.00034
2026-08-22T20:21:36,JacksonDatabind-18,Defects4J,LR,bug_report,5.978,2034.7,0.000655,0.000304
2026-08-22T20:21:36,JacksonDatabind-19,Defects4J,LR,bug_report,7.912,2571.648,0.000862,0.000401
2026-08-22T20:21:36,JacksonDatabind-2,Defects4J,LR,bug_report,11.34,3528.092,0.001238,0.000575
2026-08-22T20:21:36,JacksonDatabind-20,Defects4J,LR,bug_report,8.546,2762.059,0.000932,0.000433
2026-08-22T20:21:36,JacksonDatabind-21,Defects4J,LR,bug_report,7.915,2595.436,0.000868,0.000403
2026-08-22T20:21:36,JacksonDatabind-22,Defects4J,LR,bug_report,6.27,2099.064,0.000683,0.000317
2026-08-22T20:21:36,JacksonDatabind-23,Defects4J,LR,bug_report,7.802,2541.534,0.000848,0.000394
2026-08-22T20:21:36,JacksonDatabind-24,Defects4J,LR,bug_report,5.409,1863.823,0.000593,0.000275
2026-08-22T20:21:36,JacksonDatabind-25,Defects4J,LR,bug_report,9.783,3116.006,0.001073,0.000499
2026-08-22T20:21:36,JacksonDatabind-26,Defects4J,LR,bug_report,5.548,1916.796,0.000612,0.000284
2026-08-22T20:21:36,JacksonDatabind-27,Defects4J,LR,bug_report,8.191,2646.03,0.000889,0.000413
2026-08-22T20:21:36,JacksonDatabind-28,Defects4J,LR,bug_report,6.31,2134.068,0.000694,0.000323
2026-08-22T20:21:36,JacksonDatabind-29,Defects4J,LR,bug_report,7.855,2605.358,0.000869,0.000404
2026-08-22T20:21:36,JacksonDatabind-3,Defects4J,LR,bug_report,6.825,2254.816,0.000741,0.000344
2026-08-22T20:21:36,JacksonDatabind-30,Defects4J,LR,bug_report,8.246,2676.699,0.000906,0.000421
2026-08-22T20:21:36,JacksonDatabind-31,Defects4J,LR,bug_report,7.648,2481.447,0.000823,0.000382
2026-08-22T20:21:36,JacksonDatabind-32,Defects4J,LR,bug_report,6.914,2278.679,0.000748,0.000347
2026-08-22T20:21:36,JacksonDatabind-33,Defects4J,LR,bug_report,5.403,1855.321,0.000589,0.000274
2026-08-22T20:21:36,JacksonDatabind-34,Defects4J,LR,bug_report,7.059,2259.899,0.000772,0.000359
2026-08-22T20:21:36,JacksonDatabind-35,Defects4J,LR,bug_report,38.482,11629.351,0.004268,0.001983
2026-08-22T20:21:36,JacksonDatabind-36,Defects4J,LR,bug_report,5.894,2023.702,0.00065,0.000302
2026-08-22T20:21:36,JacksonDatabind-37,Defects4J,LR,bug_report,7.854,2605.813,0.000866,0.000403
2026-08-22T20:21:36,JacksonDatabind-38,Defects4J,LR,bug_report,9.759,3091.663,0.001077,0.0005
2026-08-22T20:21:36,JacksonDatabind-39,Defects4J,LR,bug_report,6.86,2256.878,0.000749,0.000348
2026-08-22T20:21:36,JacksonDatabind-4,Defects4J,LR,bug_report,6.304,2041.934,0.000692,0.000322
2026-08-22T20:21:36,JacksonDatabind-40,Defects4J,LR,bug_report,8.979,2895.23,0.000977,0.000454
2026-08-22T20:21:36,JacksonDatabind-41,Defects4J,LR,bug_report,7.459,2463.003,0.000818,0.00038
2026-08-22T20:21:36,JacksonDatabind-42,Defects4J,LR,bug_report,41.979,12582.615,0.004636,0.002154
2026-08-22T20:21:36,JacksonDatabind-43,Defects4J,LR,bug_report,7.908,2645.259,0.000876,0.000407
2026-08-22T20:21:36,JacksonDatabind-44,Defects4J,LR,bug_report,7.053,2347.494,0.000774,0.00036
2026-08-22T20:21:36,JacksonDatabind-45,Defects4J,LR,bug_report,9.997,3238.46,0.001104,0.000513
2026-08-22T20:21:36,JacksonDatabind-46,Defects4J,LR,bug_report,5.836,1931.985,0.00063,0.000293
2026-08-22T20:21:36,JacksonDatabind-47,Defects4J,LR,bug_report,10.824,3490.161,0.001196,0.000556
2026-08-22T20:21:36,JacksonDatabind-48,Defects4J,LR,bug_report,10.475,3349.701,0.001147,0.000533
2026-08-22T20:21:36,JacksonDatabind-49,Defects4J,LR,bug_report,10.002,3209.507,0.001096,0.000509
2026-08-22T20:21:36,JacksonDatabind-5,Defects4J,LR,bug_report,11.343,3557.048,0.001251,0.000581
2026-08-22T20:21:36,JacksonDatabind-50,Defects4J,LR,bug_report,7.705,2516.725,0.000842,0.000391
2026-08-22T20:21:36,JacksonDatabind-51,Defects4J,LR,bug_report,7.102,2344.893,0.000776,0.00036
2026-08-22T20:21:36,JacksonDatabind-52,Defects4J,LR,bug_report,10.308,3278.905,0.001129,0.000524
2026-08-22T20:21:36,JacksonDatabind-53,Defects4J,LR,bug_report,7.716,2549.982,0.000847,0.000394
2026-08-22T20:21:36,JacksonDatabind-54,Defects4J,LR,bug_report,6.655,2200.696,0.000726,0.000337
2026-08-22T20:21:36,JacksonDatabind-55,Defects4J,LR,bug_report,6.319,2122.954,0.000696,0.000323
2026-08-22T20:21:36,JacksonDatabind-56,Defects4J,LR,bug_report,9.841,3159.429,0.001082,0.000503
2026-08-22T20:21:36,JacksonDatabind-57,Defects4J,LR,bug_report,9.626,3070.325,0.001051,0.000488
2026-08-22T20:21:36,JacksonDatabind-58,Defects4J,LR,bug_report,6.438,2136.876,0.000709,0.000329
2026-08-22T20:21:36,JacksonDatabind-59,Defects4J,LR,bug_report,7.065,2295.077,0.000759,0.000353
2026-08-22T20:21:36,JacksonDatabind-6,Defects4J,LR,bug_report,6.43,2124.368,0.000693,0.000322
2026-08-22T20:21:36,JacksonDatabind-60,Defects4J,LR,bug_report,9.922,3173.254,0.001088,0.000506
2026-08-22T20:21:36,JacksonDatabind-61,Defects4J,LR,bug_report,9.068,2913.169,0.000994,0.000462
2026-08-22T20:21:36,JacksonDatabind-62,Defects4J,LR,bug_report,5.906,2028.464,0.00065,0.000302
2026-08-22T20:21:36,JacksonDatabind-63,Defects4J,LR,bug_report,9.828,3107.774,0.001064,0.000494
2026-08-22T20:21:36,JacksonDatabind-64,Defects4J,LR,bug_report,8.891,2875.41,0.000974,0.000452
2026-08-22T20:21:36,JacksonDatabind-66,Defects4J,LR,bug_report,8.417,2727.575,0.00092,0.000427
2026-08-22T20:21:36,JacksonDatabind-67,Defects4J,LR,bug_report,7.531,2500.596,0.000826,0.000384
2026-08-22T20:21:36,JacksonDatabind-68,Defects4J,LR,bug_report,11.401,3611.679,0.001252,0.000581
2026-08-22T20:21:36,JacksonDatabind-69,Defects4J,LR,bug_report,9.261,3017.019,0.001025,0.000476
2026-08-22T20:21:36,JacksonDatabind-7,Defects4J,LR,bug_report,8.633,2787.729,0.000943,0.000438
2026-08-22T20:21:36,JacksonDatabind-70,Defects4J,LR,bug_report,14.048,4413.672,0.001552,0.000721
2026-08-22T20:21:36,JacksonDatabind-71,Defects4J,LR,bug_report,5.172,1784.457,0.000561,0.00026
2026-08-22T20:21:36,JacksonDatabind-72,Defects4J,LR,bug_report,6.884,2301.901,0.000756,0.000351
2026-08-22T20:21:36,JacksonDatabind-73,Defects4J,LR,bug_report,6.007,2005.777,0.000654,0.000304
2026-08-22T20:21:36,JacksonDatabind-74,Defects4J,LR,bug_report,9.816,3073.433,0.00106,0.000492
2026-08-22T20:21:36,JacksonDatabind-75,Defects4J,LR,bug_report,7.15,2332.024,0.000776,0.000361
2026-08-22T20:21:36,JacksonDatabind-76,Defects4J,LR,bug_report,6.445,2142.913,0.000699,0.000325
2026-08-22T20:21:36,JacksonDatabind-77,Defects4J,LR,bug_report,6.478,2166.396,0.000708,0.000329
2026-08-22T20:21:36,JacksonDatabind-78,Defects4J,LR,bug_report,6.454,2076.7,0.000698,0.000324
2026-08-22T20:21:36,JacksonDatabind-79,Defects4J,LR,bug_report,7.589,2495.886,0.00083,0.000386
2026-08-22T20:21:36,JacksonDatabind-8,Defects4J,LR,bug_report,7.301,2400.054,0.000796,0.00037
2026-08-22T20:21:36,JacksonDatabind-80,Defects4J,LR,bug_report,7.192,2370.122,0.000786,0.000365
2026-08-22T20:21:36,JacksonDatabind-81,Defects4J,LR,bug_report,6.37,2135.021,0.000699,0.000325
2026-08-22T20:21:36,JacksonDatabind-82,Defects4J,LR,bug_report,6.808,2254.12,0.000738,0.000343
2026-08-22T20:21:36,JacksonDatabind-83,Defects4J,LR,bug_report,11.965,3791.461,0.001317,0.000612
2026-08-22T20:21:36,JacksonDatabind-84,Defects4J,LR,bug_report,10.517,3250.605,0.001146,0.000533
2026-08-22T20:21:36,JacksonDatabind-85,Defects4J,LR,bug_report,9.912,3153.448,0.001078,0.000501
2026-08-22T20:21:36,JacksonDatabind-86,Defects4J,LR,bug_report,10.555,3357.296,0.001157,0.000538
2026-08-22T20:21:36,JacksonDatabind-87,Defects4J,LR,bug_report,7.884,2583.386,0.000863,0.000401
2026-08-22T20:21:36,JacksonDatabind-88,Defects4J,LR,bug_report,6.834,2284.557,0.000747,0.000347
2026-08-22T20:21:36,JacksonDatabind-9,Defects4J,LR,bug_report,7.607,2503.608,0.00084,0.00039
2026-08-22T20:21:36,JacksonDatabind-90,Defects4J,LR,bug_report,9.234,2981.196,0.001015,0.000471
2026-08-22T20:21:36,JacksonDatabind-91,Defects4J,LR,bug_report,5.176,1821.156,0.000569,0.000264
2026-08-22T20:21:36,JacksonDatabind-92,Defects4J,LR,bug_report,10.488,3316.504,0.001145,0.000532
2026-08-22T20:21:36,JacksonDatabind-93,Defects4J,LR,bug_report,6.511,2205.905,0.000716,0.000333
2026-08-22T20:21:36,JacksonDatabind-94,Defects4J,LR,bug_report,8.54,2784.471,0.000939,0.000436
2026-08-22T20:21:36,JacksonDatabind-95,Defects4J,LR,bug_report,8.311,2709.579,0.000912,0.000424
2026-08-22T20:21:36,JacksonDatabind-96,Defects4J,LR,bug_report,6.002,2027.043,0.000653,0.000303
2026-08-22T20:21:36,JacksonDatabind-97,Defects4J,LR,bug_report,6.017,2050.248,0.000662,0.000308
2026-08-22T20:21:36,JacksonDatabind-98,Defects4J,LR,bug_report,7.563,2474.908,0.000822,0.000382
2026-08-22T20:21:36,JacksonDatabind-99,Defects4J,LR,bug_report,6.174,2080.372,0.000673,0.000312
2026-08-22T20:21:36,JacksonXml-1,Defects4J,LR,bug_report,6.255,2042.347,0.000683,0.000317
2026-08-22T20:21:36,JacksonXml-2,Defects4J,LR,bug_report,6.671,2213.219,0.000727,0.000338
2026-08-22T20:21:36,JacksonXml-3,Defects4J,LR,bug_report,9.288,2959.209,0.00101,0.000469
2026-08-22T20:21:36,JacksonXml-4,Defects4J,LR,bug_report,7.533,2475.578,0.000823,0.000382
2026-08-22T20:21:36,JacksonXml-5,Defects4J,LR,bug_report,8.727,2813.426,0.000951,0.000442
2026-08-22T20:21:36,JacksonXml-6,Defects4J,LR,bug_report,7.075,2286.4,0.000777,0.000361
2026-08-22T20:21:36,Jsoup-1,Defects4J,LR,bug_report,5.964,1931.466,0.000653,0.000303
2026-08-22T20:21:36,Jsoup-10,Defects4J,LR,bug_report,7.541,2485.321,0.000827,0.000384
2026-08-22T20:21:36,Jsoup-11,Defects4J,LR,bug_report,8.624,2810.241,0.000949,0.000441
2026-08-22T20:21:36,Jsoup-12,Defects4J,LR,bug_report,6.867,2295.926,0.000752,0.000349
2026-08-22T20:21:36,Jsoup-13,Defects4J,LR,bug_report,7.613,2513.064,0.000837,0.000389
2026-08-22T20:21:36,Jsoup-14,Defects4J,LR,bug_report,7.233,2356.108,0.000791,0.000367
2026-08-22T20:21:36,Jsoup-15,Defects4J,LR,bug_report,6.231,2093.032,0.000679,0.000315
2026-08-22T20:21:36,Jsoup-16,Defects4J,LR,bug_report,6.687,2228.874,0.000728,0.000338
2026-08-22T20:21:36,Jsoup-17,Defects4J,LR,bug_report,6.693,2232.999,0.000733,0.00034
2026-08-22T20:21:36,Jsoup-18,Defects4J,LR,bug_report,5.736,1967.114,0.000631,0.000293
2026-08-22T20:21:36,Jsoup-19,Defects4J,LR,bug_report,6.054,2052.161,0.000661,0.000307
2026-08-22T20:21:36,Jsoup-2,Defects4J,LR,bug_report,6.589,2203.268,0.000721,0.000335
2026-08-22T20:21:36,Jsoup-20,Defects4J,LR,bug_report,6.74,2241.093,0.000731,0.000339
2026-08-22T20:21:36,Jsoup-21,Defects4J,LR,bug_report,5.83,1963.607,0.000637,0.000296
2026-08-22T20:21:36,Jsoup-22,Defects4J,LR,bug_report,8.913,2886.593,0.000975,0.000453
2026-08-22T20:21:36,Jsoup-23,Defects4J,LR,bug_report,9.822,3155.373,0.00108,0.000502
2026-08-22T20:21:36,Jsoup-24,Defects4J,LR,bug_report,6.386,2129.641,0.000693,0.000322
2026-08-22T20:21:36,Jsoup-25,Defects4J,LR,bug_report,4.864,1717.295,0.000533,0.000248
2026-08-22T20:21:36,Jsoup-26,Defects4J,LR,bug_report,7.417,2453.241,0.000809,0.000376
2026-08-22T20:21:36,Jsoup-27,Defects4J,LR,bug_report,9.997,3203.576,0.001093,0.000508
2026-08-22T20:21:36,Jsoup-28,Defects4J,LR,bug_report,5.0,1755.437,0.000549,0.000255
2026-08-22T20:21:36,Jsoup-29,Defects4J,LR,bug_report,6.734,2247.526,0.000741,0.000344
2026-08-22T20:21:36,Jsoup-3,Defects4J,LR,bug_report,9.127,2935.054,0.000998,0.000464
2026-08-22T20:21:36,Jsoup-30,Defects4J,LR,bug_report,6.355,2100.068,0.000704,0.000327
2026-08-22T20:21:36,Jsoup-31,Defects4J,LR,bug_report,7.775,2548.239,0.000852,0.000396
2026-08-22T20:21:36,Jsoup-32,Defects4J,LR,bug_report,9.557,3060.898,0.001043,0.000485
2026-08-22T20:21:36,Jsoup-33,Defects4J,LR,bug_report,7.37,2445.684,0.000808,0.000375
2026-08-22T20:21:36,Jsoup-34,Defects4J,LR,bug_report,6.64,2207.779,0.000727,0.000338
2026-08-22T20:21:36,Jsoup-35,Defects4J,LR,bug_report,8.889,2849.924,0.000972,0.000452
2026-08-22T20:21:36,Jsoup-36,Defects4J,LR,bug_report,9.488,3054.521,0.00104,0.000483
2026-08-22T20:21:36,Jsoup-37,Defects4J,LR,bug_report,5.768,1969.719,0.000626,0.000291
2026-08-22T20:21:36,Jsoup-38,Defects4J,LR,bug_report,6.88,2280.693,0.000753,0.00035
2026-08-22T20:21:36,Jsoup-39,Defects4J,LR,bug_report,10.504,3352.127,0.001149,0.000534
2026-08-22T20:21:36,Jsoup-4,Defects4J,LR,bug_report,6.419,2114.843,0.000697,0.000324
2026-08-22T20:21:36,Jsoup-40,Defects4J,LR,bug_report,6.237,2041.426,0.000682,0.000317
2026-08-22T20:21:36,Jsoup-41,Defects4J,LR,bug_report,6.789,2285.925,0.000745,0.000346
2026-08-22T20:21:36,Jsoup-42,Defects4J,LR,bug_report,6.773,2298.978,0.000751,0.000349
2026-08-22T20:21:36,Jsoup-43,Defects4J,LR,bug_report,7.02,2339.337,0.000767,0.000356
2026-08-22T20:21:36,Jsoup-44,Defects4J,LR,bug_report,9.275,2999.361,0.001018,0.000473
2026-08-22T20:21:36,Jsoup-46,Defects4J,LR,bug_report,7.347,2433.322,0.000805,0.000374
2026-08-22T20:21:36,Jsoup-47,Defects4J,LR,bug_report,6.852,2287.725,0.000752,0.00035
2026-08-22T20:21:36,Jsoup-48,Defects4J,LR,bug_report,8.694,2841.243,0.000959,0.000446
2026-08-22T20:21:36,Jsoup-49,Defects4J,LR,bug_report,5.164,1800.764,0.00057,0.000265
2026-08-22T20:21:36,Jsoup-5,Defects4J,LR,bug_report,9.622,3091.013,0.001052,0.000489
2026-08-22T20:21:36,Jsoup-50,Defects4J,LR,bug_report,8.366,2753.595,0.000925,0.00043
2026-08-22T20:21:36,Jsoup-51,Defects4J,LR,bug_report,6.731,2261.859,0.000742,0.000345
2026-08-22T20:21:36,Jsoup-52,Defects4J,LR,bug_report,8.81,2841.373,0.00096,0.000446
2026-08-22T20:21:36,Jsoup-53,Defects4J,LR,bug_report,7.8,2542.048,0.00085,0.000395
2026-08-22T20:21:36,Jsoup-54,Defects4J,LR,bug_report,5.015,1749.936,0.000549,0.000255
2026-08-22T20:21:36,Jsoup-55,Defects4J,LR,bug_report,4.569,1633.037,0.000503,0.000234
2026-08-22T20:21:36,Jsoup-56,Defects4J,LR,bug_report,7.451,2450.996,0.000814,0.000378
2026-08-22T20:21:36,Jsoup-57,Defects4J,LR,bug_report,5.558,1874.255,0.00061,0.000284
2026-08-22T20:21:36,Jsoup-58,Defects4J,LR,bug_report,6.929,2322.027,0.000764,0.000355
2026-08-22T20:21:36,Jsoup-59,Defects4J,LR,bug_report,7.675,2508.945,0.000837,0.000389
2026-08-22T20:21:36,Jsoup-6,Defects4J,LR,bug_report,6.893,2297.309,0.000754,0.00035
2026-08-22T20:21:36,Jsoup-60,Defects4J,LR,bug_report,7.582,2498.107,0.000831,0.000386
2026-08-22T20:21:36,Jsoup-61,Defects4J,LR,bug_report,8.92,2876.124,0.000976,0.000453
2026-08-22T20:21:36,Jsoup-62,Defects4J,LR,bug_report,9.857,3108.468,0.001068,0.000496
2026-08-22T20:21:36,Jsoup-63,Defects4J,LR,bug_report,5.759,1885.015,0.000624,0.00029
2026-08-22T20:21:36,Jsoup-64,Defects4J,LR,bug_report,6.931,2298.131,0.000756,0.000351
2026-08-22T20:21:36,Jsoup-65,Defects4J,LR,bug_report,6.453,2175.523,0.00071,0.00033
2026-08-22T20:21:36,Jsoup-66,Defects4J,LR,bug_report,6.829,2210.253,0.000748,0.000347
2026-08-22T20:21:36,Jsoup-67,Defects4J,LR,bug_report,6.639,2135.943,0.000724,0.000336
2026-08-22T20:21:36,Jsoup-68,Defects4J,LR,bug_report,7.131,2299.096,0.000784,0.000364
2026-08-22T20:21:36,Jsoup-69,Defects4J,LR,bug_report,4.406,1586.438,0.000485,0.000225
2026-08-22T20:21:36,Jsoup-7,Defects4J,LR,bug_report,9.82,3117.24,0.001073,0.000498
2026-08-22T20:21:36,Jsoup-70,Defects4J,LR,bug_report,7.438,2468.191,0.00082,0.000381
2026-08-22T20:21:36,Jsoup-71,Defects4J,LR,bug_report,6.886,2277.614,0.000752,0.000349
2026-08-22T20:21:36,Jsoup-72,Defects4J,LR,bug_report,10.548,3355.973,0.001159,0.000539
2026-08-22T20:21:36,Jsoup-73,Defects4J,LR,bug_report,6.99,2316.766,0.000764,0.000355
2026-08-22T20:21:36,Jsoup-74,Defects4J,LR,bug_report,4.912,1735.516,0.000539,0.000251
2026-08-22T20:21:36,Jsoup-75,Defects4J,LR,bug_report,6.916,2304.68,0.000757,0.000352
2026-08-22T20:21:36,Jsoup-76,Defects4J,LR,bug_report,8.769,2829.661,0.00096,0.000446
2026-08-22T20:21:36,Jsoup-77,Defects4J,LR,bug_report,4.766,1622.543,0.00052,0.000241
2026-08-22T20:21:36,Jsoup-78,Defects4J,LR,bug_report,4.236,1529.029,0.00047,0.000218
2026-08-22T20:21:36,Jsoup-79,Defects4J,LR,bug_report,8.891,2889.345,0.000978,0.000454
2026-08-22T20:21:36,Jsoup-8,Defects4J,LR,bug_report,6.871,2271.883,0.000749,0.000348
2026-08-22T20:21:36,Jsoup-80,Defects4J,LR,bug_report,5.965,2007.098,0.000646,0.0003
2026-08-22T20:21:36,Jsoup-81,Defects4J,LR,bug_report,7.01,2337.158,0.000771,0.000358
2026-08-22T20:21:36,Jsoup-82,Defects4J,LR,bug_report,5.187,1810.233,0.000572,0.000266
2026-08-22T20:21:36,Jsoup-83,Defects4J,LR,bug_report,7.588,2508.784,0.000836,0.000388
2026-08-22T20:21:36,Jsoup-84,Defects4J,LR,bug_report,9.179,2938.696,0.000998,0.000464
2026-08-22T20:21:36,Jsoup-85,Defects4J,LR,bug_report,6.447,2173.716,0.000705,0.000328
2026-08-22T20:21:36,Jsoup-86,Defects4J,LR,bug_report,5.162,1781.452,0.000563,0.000262
2026-08-22T20:21:36,Jsoup-87,Defects4J,LR,bug_report,6.578,2231.568,0.000727,0.000338
2026-08-22T20:21:36,Jsoup-88,Defects4J,LR,bug_report,6.539,2152.85,0.000717,0.000333
2026-08-22T20:21:36,Jsoup-89,Defects4J,LR,bug_report,8.382,2689.026,0.000918,0.000427
2026-08-22T20:21:36,Jsoup-9,Defects4J,LR,bug_report,5.115,1745.115,0.000558,0.000259
2026-08-22T20:21:36,Jsoup-90,Defects4J,LR,bug_report,8.635,2794.237,0.000943,0.000438
2026-08-22T20:21:36,Jsoup-91,Defects4J,LR,bug_report,7.127,2365.536,0.000776,0.000361
2026-08-22T20:21:36,Jsoup-92,Defects4J,LR,bug_report,6.773,2258.457,0.000736,0.000342
2026-08-22T20:21:36,Jsoup-93,Defects4J,LR,bug_report,6.782,2259.382,0.000744,0.000346
2026-08-22T20:21:36,JxPath-1,Defects4J,LR,bug_report,6.176,2087.424,0.000676,0.000314
2026-08-22T20:21:36,JxPath-10,Defects4J,LR,bug_report,9.391,2973.531,0.001027,0.000477
2026-08-22T20:21:36,JxPath-11,Defects4J,LR,bug_report,10.08,3219.176,0.001106,0.000514
2026-08-22T20:21:36,JxPath-12,Defects4J,LR,bug_report,10.047,3234.06,0.001101,0.000511
2026-08-22T20:21:36,JxPath-13,Defects4J,LR,bug_report,10.08,3231.06,0.001109,0.000515
2026-08-22T20:21:36,JxPath-14,Defects4J,LR,bug_report,9.144,2951.926,0.001009,0.000469
2026-08-22T20:21:36,JxPath-15,Defects4J,LR,bug_report,8.488,2768.307,0.000933,0.000433
2026-08-22T20:21:36,JxPath-16,Defects4J,LR,bug_report,7.176,2404.164,0.000792,0.000368
2026-08-22T20:21:36,JxPath-17,Defects4J,LR,bug_report,7.983,2616.241,0.000875,0.000406
2026-08-22T20:21:36,JxPath-18,Defects4J,LR,bug_report,4.445,1596.476,0.000486,0.000226
2026-08-22T20:21:36,JxPath-19,Defects4J,LR,bug_report,6.145,2085.707,0.000676,0.000314
2026-08-22T20:21:36,JxPath-2,Defects4J,LR,bug_report,8.894,2875.498,0.000978,0.000454
2026-08-22T20:21:36,JxPath-20,Defects4J,LR,bug_report,8.201,2673.038,0.000897,0.000417
2026-08-22T20:21:36,JxPath-21,Defects4J,LR,bug_report,4.942,1728.45,0.000543,0.000252
2026-08-22T20:21:36,JxPath-22,Defects4J,LR,bug_report,7.762,2562.397,0.000847,0.000393
2026-08-22T20:21:36,JxPath-3,Defects4J,LR,bug_report,8.664,2800.262,0.000955,0.000444
2026-08-22T20:21:36,JxPath-4,Defects4J,LR,bug_report,8.449,2746.26,0.000929,0.000432
2026-08-22T20:21:36,JxPath-5,Defects4J,LR,bug_report,6.846,2263.646,0.000756,0.000351
2026-08-22T20:21:36,JxPath-6,Defects4J,LR,bug_report,7.726,2535.814,0.000847,0.000394
2026-08-22T20:21:36,JxPath-7,Defects4J,LR,bug_report,9.398,3011.066,0.001034,0.000481
2026-08-22T20:21:36,JxPath-8,Defects4J,LR,bug_report,7.835,2552.993,0.000851,0.000396
2026-08-22T20:21:36,JxPath-9,Defects4J,LR,bug_report,7.867,2566.688,0.000861,0.0004
2026-08-22T20:21:36,Lang-1,Defects4J,LR,bug_report,10.197,3228.119,0.001111,0.000516
2026-08-22T20:21:36,Lang-10,Defects4J,LR,bug_report,7.483,2479.833,0.000825,0.000383
2026-08-22T20:21:36,Lang-11,Defects4J,LR,bug_report,7.551,2488.8,0.000825,0.000383
2026-08-22T20:21:36,Lang-12,Defects4J,LR,bug_report,6.442,2142.883,0.00071,0.00033
2026-08-22T20:21:36,Lang-13,Defects4J,LR,bug_report,6.278,2128.034,0.000686,0.000319
2026-08-22T20:21:36,Lang-14,Defects4J,LR,bug_report,7.137,2253.444,0.000776,0.00036
2026-08-22T20:21:36,Lang-15,Defects4J,LR,bug_report,8.965,2903.903,0.000983,0.000457
2026-08-22T20:21:36,Lang-16,Defects4J,LR,bug_report,8.631,2806.281,0.000948,0.000441
2026-08-22T20:21:36,Lang-17,Defects4J,LR,bug_report,7.812,2574.376,0.00086,0.0004
2026-08-22T20:21:36,Lang-19,Defects4J,LR,bug_report,8.389,2715.18,0.000916,0.000426
2026-08-22T20:21:36,Lang-20,Defects4J,LR,bug_report,8.065,2627.542,0.000882,0.00041
2026-08-22T20:21:36,Lang-21,Defects4J,LR,bug_report,7.228,2381.597,0.000787,0.000366
2026-08-22T20:21:36,Lang-22,Defects4J,LR,bug_report,6.244,2107.915,0.000688,0.000319
2026-08-22T20:21:36,Lang-23,Defects4J,LR,bug_report,8.674,2811.519,0.000951,0.000442
2026-08-22T20:21:36,Lang-24,Defects4J,LR,bug_report,8.802,2877.189,0.000977,0.000454
2026-08-22T20:21:36,Lang-26,Defects4J,LR,bug_report,6.695,2260.274,0.000735,0.000342
2026-08-22T20:21:36,Lang-27,Defects4J,LR,bug_report,6.916,2244.396,0.000758,0.000352
2026-08-22T20:21:36,Lang-28,Defects4J,LR,bug_report,103.277,31050.859,0.011555,0.005368
2026-08-22T20:21:36,Lang-29,Defects4J,LR,bug_report,5.51,1942.509,0.000618,0.000287
2026-08-22T20:21:36,Lang-3,Defects4J,LR,bug_report,8.209,2735.918,0.000911,0.000423
2026-08-22T20:21:36,Lang-30,Defects4J,LR,bug_report,8.095,2692.574,0.000897,0.000417
2026-08-22T20:21:36,Lang-31,Defects4J,LR,bug_report,7.988,2663.28,0.000886,0.000412
2026-08-22T20:21:36,Lang-32,Defects4J,LR,bug_report,5.108,1767.81,0.000556,0.000258
2026-08-22T20:21:36,Lang-33,Defects4J,LR,bug_report,4.684,1665.946,0.000513,0.000238
2026-08-22T20:21:36,Lang-34,Defects4J,LR,bug_report,5.815,1837.876,0.000617,0.000286
2026-08-22T20:21:36,Lang-35,Defects4J,LR,bug_report,6.178,2050.887,0.000667,0.00031
2026-08-22T20:21:36,Lang-36,Defects4J,LR,bug_report,8.735,2822.637,0.000955,0.000444
2026-08-22T20:21:36,Lang-37,Defects4J,LR,bug_report,8.762,2824.811,0.000958,0.000445
2026-08-22T20:21:36,Lang-38,Defects4J,LR,bug_report,7.624,2483.852,0.00083,0.000386
2026-08-22T20:21:36,Lang-39,Defects4J,LR,bug_report,9.049,2922.093,0.000986,0.000458
2026-08-22T20:21:36,Lang-4,Defects4J,LR,bug_report,8.46,2687.422,0.000926,0.00043
2026-08-22T20:21:36,Lang-40,Defects4J,LR,bug_report,6.706,2222.088,0.000729,0.000339
2026-08-22T20:21:36,Lang-41,Defects4J,LR,bug_report,5.788,1967.76,0.000633,0.000294
2026-08-22T20:21:36,Lang-42,Defects4J,LR,bug_report,7.424,2479.459,0.000823,0.000382
2026-08-22T20:21:36,Lang-43,Defects4J,LR,bug_report,9.851,3141.931,0.001081,0.000502
2026-08-22T20:21:36,Lang-44,Defects4J,LR,bug_report,7.556,2471.072,0.000821,0.000381
2026-08-22T20:21:36,Lang-45,Defects4J,LR,bug_report,8.838,2865.225,0.000971,0.000451
2026-08-22T20:21:36,Lang-46,Defects4J,LR,bug_report,7.589,2489.753,0.000831,0.000386
2026-08-22T20:21:36,Lang-47,Defects4J,LR,bug_report,6.044,2056.4,0.000665,0.000309
2026-08-22T20:21:36,Lang-49,Defects4J,LR,bug_report,6.134,2065.21,0.000673,0.000313
2026-08-22T20:21:36,Lang-5,Defects4J,LR,bug_report,7.774,2564.021,0.000856,0.000398
2026-08-22T20:21:36,Lang-50,Defects4J,LR,bug_report,5.622,1915.273,0.000618,0.000287
2026-08-22T20:21:36,Lang-51,Defects4J,LR,bug_report,7.653,2505.724,0.000832,0.000387
2026-08-22T20:21:36,Lang-52,Defects4J,LR,bug_report,6.752,2261.462,0.000743,0.000345
2026-08-22T20:21:36,Lang-53,Defects4J,LR,bug_report,7.745,2547.873,0.000852,0.000396
2026-08-22T20:21:36,Lang-54,Defects4J,LR,bug_report,6.41,2142.843,0.000699,0.000325
2026-08-22T20:21:36,Lang-55,Defects4J,LR,bug_report,4.072,1465.772,0.00044,0.000205
2026-08-22T20:21:36,Lang-56,Defects4J,LR,bug_report,5.247,1820.641,0.000569,0.000264
2026-08-22T20:21:36,Lang-57,Defects4J,LR,bug_report,6.796,2208.338,0.00074,0.000344
2026-08-22T20:21:36,Lang-58,Defects4J,LR,bug_report,8.043,2640.061,0.000885,0.000411
2026-08-22T20:21:36,Lang-59,Defects4J,LR,bug_report,5.675,1946.221,0.00062,0.000288
2026-08-22T20:21:36,Lang-6,Defects4J,LR,bug_report,6.75,2252.556,0.00074,0.000344
2026-08-22T20:21:36,Lang-60,Defects4J,LR,bug_report,6.644,2137.686,0.000723,0.000336
2026-08-22T20:21:36,Lang-61,Defects4J,LR,bug_report,8.279,2712.471,0.000912,0.000424
2026-08-22T20:21:36,Lang-62,Defects4J,LR,bug_report,6.612,2203.331,0.00072,0.000335
2026-08-22T20:21:36,Lang-63,Defects4J,LR,bug_report,6.369,2112.449,0.0007,0.000325
2026-08-22T20:21:36,Lang-64,Defects4J,LR,bug_report,6.21,2096.097,0.000681,0.000316
2026-08-22T20:21:36,Lang-65,Defects4J,LR,bug_report,4.823,1699.895,0.000533,0.000248
2026-08-22T20:21:36,Lang-7,Defects4J,LR,bug_report,7.693,2536.824,0.000846,0.000393
2026-08-22T20:21:36,Lang-8,Defects4J,LR,bug_report,6.857,2256.962,0.000738,0.000343
2026-08-22T20:21:36,Lang-9,Defects4J,LR,bug_report,6.917,2216.231,0.000739,0.000343
2026-08-22T20:21:36,Math-1,Defects4J,LR,bug_report,8.13,2625.286,0.000886,0.000412
2026-08-22T20:21:36,Math-10,Defects4J,LR,bug_report,8.86,2856.43,0.000969,0.00045
2026-08-22T20:21:36,Math-100,Defects4J,LR,bug_report,8.484,2781.861,0.000937,0.000435
2026-08-22T20:21:36,Math-101,Defects4J,LR,bug_report,6.417,2174.222,0.000708,0.000329
2026-08-22T20:21:36,Math-102,Defects4J,LR,bug_report,10.12,3177.621,0.001121,0.000521
2026-08-22T20:21:36,Math-103,Defects4J,LR,bug_report,7.833,2555.685,0.000857,0.000398
2026-08-22T20:21:36,Math-104,Defects4J,LR,bug_report,9.302,3014.527,0.001024,0.000476
2026-08-22T20:21:36,Math-105,Defects4J,LR,bug_report,7.577,2531.811,0.000834,0.000387
2026-08-22T20:21:36,Math-106,Defects4J,LR,bug_report,7.926,2624.183,0.000877,0.000407
2026-08-22T20:21:36,Math-11,Defects4J,LR,bug_report,8.237,2664.35,0.000907,0.000422
2026-08-22T20:21:36,Math-12,Defects4J,LR,bug_report,8.169,2675.002,0.000898,0.000417
2026-08-22T20:21:36,Math-13,Defects4J,LR,bug_report,9.631,3077.937,0.00105,0.000488
2026-08-22T20:21:36,Math-14,Defects4J,LR,bug_report,9.547,3078.52,0.00105,0.000488
2026-08-22T20:21:36,Math-15,Defects4J,LR,bug_report,4.527,1627.504,0.000501,0.000233
2026-08-22T20:21:36,Math-16,Defects4J,LR,bug_report,7.188,2377.232,0.000787,0.000366
2026-08-22T20:21:36,Math-17,Defects4J,LR,bug_report,7.054,2299.36,0.000774,0.00036
2026-08-22T20:21:36,Math-18,Defects4J,LR,bug_report,9.327,2993.976,0.001018,0.000473
2026-08-22T20:21:36,Math-19,Defects4J,LR,bug_report,9.228,2970.131,0.001011,0.00047
2026-08-22T20:21:36,Math-2,Defects4J,LR,bug_report,9.6,3078.037,0.001056,0.000491
2026-08-22T20:21:36,Math-20,Defects4J,LR,bug_report,26.742,8161.348,0.002961,0.001376
2026-08-22T20:21:36,Math-21,Defects4J,LR,bug_report,7.662,2572.879,0.000854,0.000397
2026-08-22T20:21:36,Math-22,Defects4J,LR,bug_report,10.11,3204.146,0.001099,0.00051
2026-08-22T20:21:36,Math-23,Defects4J,LR,bug_report,9.567,3091.696,0.001054,0.00049
2026-08-22T20:21:36,Math-24,Defects4J,LR,bug_report,12.018,3751.884,0.00133,0.000618
2026-08-22T20:21:36,Math-25,Defects4J,LR,bug_report,9.792,3159.515,0.001078,0.000501
2026-08-22T20:21:36,Math-26,Defects4J,LR,bug_report,12.223,3874.002,0.001347,0.000626
2026-08-22T20:21:36,Math-27,Defects4J,LR,bug_report,6.483,2172.282,0.000709,0.00033
2026-08-22T20:21:36,Math-28,Defects4J,LR,bug_report,7.39,2427.2,0.000807,0.000375
2026-08-22T20:21:36,Math-29,Defects4J,LR,bug_report,5.625,1894.748,0.000621,0.000288
2026-08-22T20:21:36,Math-3,Defects4J,LR,bug_report,12.403,3906.954,0.00136,0.000632
2026-08-22T20:21:36,Math-30,Defects4J,LR,bug_report,9.959,3198.821,0.001096,0.000509
2026-08-22T20:21:36,Math-31,Defects4J,LR,bug_report,9.549,3085.898,0.001049,0.000487
2026-08-22T20:21:36,Math-32,Defects4J,LR,bug_report,10.556,3362.685,0.001159,0.000539
2026-08-22T20:21:36,Math-33,Defects4J,LR,bug_report,6.129,1997.903,0.000678,0.000315
2026-08-22T20:21:36,Math-34,Defects4J,LR,bug_report,5.986,2031.596,0.000656,0.000305
2026-08-22T20:21:36,Math-35,Defects4J,LR,bug_report,7.421,2441.195,0.000816,0.000379
2026-08-22T20:21:36,Math-36,Defects4J,LR,bug_report,7.532,2478.278,0.000828,0.000385
2026-08-22T20:21:36,Math-37,Defects4J,LR,bug_report,6.47,2169.577,0.000709,0.000329
2026-08-22T20:21:36,Math-38,Defects4J,LR,bug_report,7.702,2544.145,0.000843,0.000392
2026-08-22T20:21:36,Math-39,Defects4J,LR,bug_report,7.896,2585.916,0.00087,0.000404
2026-08-22T20:21:36,Math-4,Defects4J,LR,bug_report,8.826,2844.094,0.000964,0.000448
2026-08-22T20:21:36,Math-40,Defects4J,LR,bug_report,9.945,3180.332,0.001089,0.000506
2026-08-22T20:21:36,Math-41,Defects4J,LR,bug_report,8.623,2803.612,0.000945,0.000439
2026-08-22T20:21:36,Math-42,Defects4J,LR,bug_report,7.315,2353.61,0.000795,0.000369
2026-08-22T20:21:36,Math-43,Defects4J,LR,bug_report,9.032,2929.661,0.000991,0.000461
2026-08-22T20:21:36,Math-44,Defects4J,LR,bug_report,7.186,2382.774,0.000789,0.000366
2026-08-22T20:21:36,Math-45,Defects4J,LR,bug_report,4.358,1545.159,0.000474,0.00022
2026-08-22T20:21:36,Math-46,Defects4J,LR,bug_report,7.434,2424.743,0.000804,0.000374
2026-08-22T20:21:36,Math-47,Defects4J,LR,bug_report,6.883,2295.38,0.000755,0.000351
2026-08-22T20:21:36,Math-48,Defects4J,LR,bug_report,8.905,2818.126,0.000982,0.000456
2026-08-22T20:21:36,Math-49,Defects4J,LR,bug_report,5.471,1849.295,0.000598,0.000278
2026-08-22T20:21:36,Math-5,Defects4J,LR,bug_report,6.273,2103.897,0.000685,0.000318
2026-08-22T20:21:36,Math-50,Defects4J,LR,bug_report,8.924,2906.677,0.000987,0.000459
2026-08-22T20:21:36,Math-51,Defects4J,LR,bug_report,8.988,2914.708,0.000989,0.000459
2026-08-22T20:21:36,Math-52,Defects4J,LR,bug_report,7.608,2533.801,0.000838,0.000389
2026-08-22T20:21:36,Math-53,Defects4J,LR,bug_report,5.933,1996.318,0.000643,0.000299
2026-08-22T20:21:36,Math-54,Defects4J,LR,bug_report,7.504,2474.536,0.000823,0.000382
2026-08-22T20:21:36,Math-55,Defects4J,LR,bug_report,6.397,2147.327,0.0007,0.000325
2026-08-22T20:21:36,Math-56,Defects4J,LR,bug_report,5.189,1806.311,0.000566,0.000263
2026-08-22T20:21:36,Math-57,Defects4J,LR,bug_report,5.674,1901.762,0.00061,0.000283
2026-08-22T20:21:36,Math-58,Defects4J,LR,bug_report,7.874,2559.026,0.000856,0.000398
2026-08-22T20:21:36,Math-59,Defects4J,LR,bug_report,6.446,2068.629,0.000687,0.000319
2026-08-22T20:21:36,Math-6,Defects4J,LR,bug_report,11.088,3478.641,0.001207,0.000561
2026-08-22T20:21:36,Math-60,Defects4J,LR,bug_report,5.855,1979.49,0.00064,0.000298
2026-08-22T20:21:36,Math-61,Defects4J,LR,bug_report,5.816,1975.929,0.000633,0.000294
2026-08-22T20:21:36,Math-62,Defects4J,LR,bug_report,7.674,2508.189,0.000838,0.000389
2026-08-22T20:21:36,Math-63,Defects4J,LR,bug_report,7.836,2551.522,0.000859,0.000399
2026-08-22T20:21:36,Math-64,Defects4J,LR,bug_report,5.68,1868.657,0.000623,0.000289
2026-08-22T20:21:36,Math-65,Defects4J,LR,bug_report,7.549,2464.406,0.00082,0.000381
2026-08-22T20:21:36,Math-66,Defects4J,LR,bug_report,7.996,2607.306,0.000875,0.000406
2026-08-22T20:21:36,Math-67,Defects4J,LR,bug_report,6.674,2224.244,0.000731,0.00034
2026-08-22T20:21:36,Math-68,Defects4J,LR,bug_report,8.571,2691.316,0.000938,0.000436
2026-08-22T20:21:36,Math-69,Defects4J,LR,bug_report,9.884,3092.339,0.001087,0.000505
2026-08-22T20:21:36,Math-7,Defects4J,LR,bug_report,7.681,2515.751,0.00084,0.00039
2026-08-22T20:21:36,Math-70,Defects4J,LR,bug_report,15.06,4701.126,0.00166,0.000771
2026-08-22T20:21:36,Math-71,Defects4J,LR,bug_report,5.717,1970.027,0.000628,0.000292
2026-08-22T20:21:36,Math-72,Defects4J,LR,bug_report,5.478,1907.309,0.000605,0.000281
2026-08-22T20:21:36,Math-73,Defects4J,LR,bug_report,10.529,3306.833,0.001163,0.00054
2026-08-22T20:21:36,Math-74,Defects4J,LR,bug_report,7.204,2392.282,0.000788,0.000366
2026-08-22T20:21:36,Math-75,Defects4J,LR,bug_report,7.416,2423.726,0.000811,0.000377
2026-08-22T20:21:36,Math-76,Defects4J,LR,bug_report,9.27,2970.316,0.001013,0.00047
2026-08-22T20:21:36,Math-77,Defects4J,LR,bug_report,7.071,2349.318,0.000774,0.00036
2026-08-22T20:21:36,Math-78,Defects4J,LR,bug_report,8.083,2644.581,0.000886,0.000411
2026-08-22T20:21:36,Math-79,Defects4J,LR,bug_report,6.256,2048.79,0.000675,0.000314
2026-08-22T20:21:36,Math-8,Defects4J,LR,bug_report,7.261,2346.74,0.000801,0.000372
2026-08-22T20:21:36,Math-80,Defects4J,LR,bug_report,9.212,2975.519,0.001012,0.00047
2026-08-22T20:21:36,Math-81,Defects4J,LR,bug_report,19.269,5960.308,0.002136,0.000993
2026-08-22T20:21:36,Math-82,Defects4J,LR,bug_report,9.255,2948.069,0.001021,0.000474
2026-08-22T20:21:36,Math-83,Defects4J,LR,bug_report,5.735,1924.824,0.000634,0.000295
2026-08-22T20:21:36,Math-84,Defects4J,LR,bug_report,8.792,2860.141,0.000968,0.00045
2026-08-22T20:21:36,Math-85,Defects4J,LR,bug_report,6.466,2201.993,0.000716,0.000332
2026-08-22T20:21:36,Math-86,Defects4J,LR,bug_report,8.257,2685.459,0.000906,0.000421
2026-08-22T20:21:36,Math-87,Defects4J,LR,bug_report,5.564,1886.661,0.000603,0.00028
2026-08-22T20:21:36,Math-88,Defects4J,LR,bug_report,7.71,2453.157,0.000842,0.000391
2026-08-22T20:21:36,Math-89,Defects4J,LR,bug_report,5.248,1821.436,0.000576,0.000267
2026-08-22T20:21:36,Math-9,Defects4J,LR,bug_report,6.261,2100.638,0.000682,0.000317
2026-08-22T20:21:36,Math-90,Defects4J,LR,bug_report,5.294,1833.958,0.000581,0.00027
2026-08-22T20:21:36,Math-91,Defects4J,LR,bug_report,4.672,1641.766,0.000507,0.000236
2026-08-22T20:21:36,Math-92,Defects4J,LR,bug_report,7.474,2412.129,0.000814,0.000378
2026-08-22T20:21:36,Math-93,Defects4J,LR,bug_report,6.749,2176.145,0.000732,0.00034
2026-08-22T20:21:36,Math-94,Defects4J,LR,bug_report,6.408,2048.122,0.000697,0.000324
2026-08-22T20:21:36,Math-95,Defects4J,LR,bug_report,7.815,2547.438,0.000853,0.000396
2026-08-22T20:21:36,Math-96,Defects4J,LR,bug_report,9.754,3127.62,0.00107,0.000497
2026-08-22T20:21:36,Math-97,Defects4J,LR,bug_report,10.149,3294.698,0.001127,0.000523
2026-08-22T20:21:36,Math-98,Defects4J,LR,bug_report,6.617,2221.492,0.000724,0.000337
2026-08-22T20:21:36,Math-99,Defects4J,LR,bug_report,5.61,1900.22,0.000613,0.000285
2026-08-22T20:21:36,Mockito-1,Defects4J,LR,bug_report,8.586,2802.66,0.000943,0.000438
2026-08-22T20:21:36,Mockito-10,Defects4J,LR,bug_report,10.393,3286.764,0.001133,0.000526
2026-08-22T20:21:36,Mockito-11,Defects4J,LR,bug_report,7.717,2572.551,0.000855,0.000397
2026-08-22T20:21:36,Mockito-12,Defects4J,LR,bug_report,9.473,3031.041,0.001035,0.000481
2026-08-22T20:21:36,Mockito-13,Defects4J,LR,bug_report,9.454,3000.95,0.001028,0.000478
2026-08-22T20:21:36,Mockito-14,Defects4J,LR,bug_report,9.22,2919.799,0.00101,0.000469
2026-08-22T20:21:36,Mockito-15,Defects4J,LR,bug_report,7.903,2577.122,0.000862,0.0004
2026-08-22T20:21:36,Mockito-16,Defects4J,LR,bug_report,9.692,3109.478,0.001063,0.000494
2026-08-22T20:21:36,Mockito-17,Defects4J,LR,bug_report,9.815,3119.851,0.001074,0.000499
2026-08-22T20:21:36,Mockito-18,Defects4J,LR,bug_report,13.083,4086.615,0.001444,0.000671
2026-08-22T20:21:36,Mockito-19,Defects4J,LR,bug_report,8.162,2680.921,0.000899,0.000418
2026-08-22T20:21:36,Mockito-2,Defects4J,LR,bug_report,4.233,1531.364,0.000464,0.000216
2026-08-22T20:21:36,Mockito-20,Defects4J,LR,bug_report,7.041,2370.01,0.000775,0.00036
2026-08-22T20:21:36,Mockito-21,Defects4J,LR,bug_report,7.044,2295.977,0.000783,0.000364
2026-08-22T20:21:36,Mockito-22,Defects4J,LR,bug_report,9.31,2995.81,0.001019,0.000474
2026-08-22T20:21:36,Mockito-23,Defects4J,LR,bug_report,9.29,2996.25,0.00102,0.000474
2026-08-22T20:21:36,Mockito-24,Defects4J,LR,bug_report,9.307,2996.544,0.001025,0.000476
2026-08-22T20:21:36,Mockito-25,Defects4J,LR,bug_report,8.661,2815.904,0.000952,0.000442
2026-08-22T20:21:36,Mockito-26,Defects4J,LR,bug_report,8.017,2617.836,0.000878,0.000408
2026-08-22T20:21:36,Mockito-27,Defects4J,LR,bug_report,10.345,3239.191,0.001134,0.000527
2026-08-22T20:21:36,Mockito-28,Defects4J,LR,bug_report,7.874,2576.123,0.000861,0.0004
2026-08-22T20:21:36,Mockito-29,Defects4J,LR,bug_report,7.874,2576.746,0.000863,0.000401
2026-08-22T20:21:36,Mockito-3,Defects4J,LR,bug_report,8.617,2801.004,0.000946,0.00044
2026-08-22T20:21:36,Mockito-30,Defects4J,LR,bug_report,7.873,2567.395,0.000863,0.000401
2026-08-22T20:21:36,Mockito-31,Defects4J,LR,bug_report,7.865,2571.044,0.000861,0.0004
2026-08-22T20:21:36,Mockito-32,Defects4J,LR,bug_report,11.708,3684.835,0.001282,0.000595
2026-08-22T20:21:36,Mockito-33,Defects4J,LR,bug_report,11.551,3645.114,0.001269,0.00059
2026-08-22T20:21:36,Mockito-34,Defects4J,LR,bug_report,9.702,3110.739,0.001068,0.000496
2026-08-22T20:21:36,Mockito-35,Defects4J,LR,bug_report,9.197,2960.709,0.001006,0.000467
2026-08-22T20:21:36,Mockito-36,Defects4J,LR,bug_report,9.135,2925.172,0.001006,0.000467
2026-08-22T20:21:36,Mockito-37,Defects4J,LR,bug_report,9.106,2957.174,0.000999,0.000464
2026-08-22T20:21:36,Mockito-38,Defects4J,LR,bug_report,9.409,3030.046,0.00103,0.000478
2026-08-22T20:21:36,Mockito-4,Defects4J,LR,bug_report,6.792,2271.653,0.000743,0.000345
2026-08-22T20:21:36,Mockito-5,Defects4J,LR,bug_report,6.494,2124.856,0.000717,0.000333
2026-08-22T20:21:36,Mockito-6,Defects4J,LR,bug_report,7.596,2504.265,0.000834,0.000387
2026-08-22T20:21:36,Mockito-7,Defects4J,LR,bug_report,7.54,2505.579,0.000833,0.000387
2026-08-22T20:21:36,Mockito-8,Defects4J,LR,bug_report,7.107,2372.442,0.00078,0.000362
2026-08-22T20:21:36,Mockito-9,Defects4J,LR,bug_report,5.776,1972.669,0.000633,0.000294
2026-08-22T20:21:36,Time-1,Defects4J,LR,bug_report,6.83,2266.487,0.00075,0.000348
2026-08-22T20:21:36,Time-10,Defects4J,LR,bug_report,8.325,2702.168,0.00091,0.000423
2026-08-22T20:21:36,Time-11,Defects4J,LR,bug_report,11.358,3629.815,0.001257,0.000584
2026-08-22T20:21:36,Time-12,Defects4J,LR,bug_report,7.831,2589.527,0.000865,0.000402
2026-08-22T20:21:36,Time-13,Defects4J,LR,bug_report,5.623,1920.057,0.000612,0.000284
2026-08-22T20:21:36,Time-14,Defects4J,LR,bug_report,6.023,2034.114,0.000657,0.000305
2026-08-22T20:21:36,Time-15,Defects4J,LR,bug_report,5.483,1871.239,0.000597,0.000277
2026-08-22T20:21:36,Time-16,Defects4J,LR,bug_report,7.582,2502.049,0.000832,0.000387
2026-08-22T20:21:36,Time-17,Defects4J,LR,bug_report,9.051,2921.01,0.000995,0.000462
2026-08-22T20:21:36,Time-18,Defects4J,LR,bug_report,7.367,2375.669,0.000804,0.000374
2026-08-22T20:21:36,Time-19,Defects4J,LR,bug_report,10.776,3424.007,0.001183,0.000549
2026-08-22T20:21:36,Time-2,Defects4J,LR,bug_report,6.7,2250.699,0.000735,0.000341
2026-08-22T20:21:36,Time-20,Defects4J,LR,bug_report,7.627,2512.432,0.000835,0.000388
2026-08-22T20:21:36,Time-22,Defects4J,LR,bug_report,9.196,2880.478,0.001008,0.000468
2026-08-22T20:21:36,Time-23,Defects4J,LR,bug_report,10.033,3218.355,0.001102,0.000512
2026-08-22T20:21:36,Time-24,Defects4J,LR,bug_report,7.961,2597.24,0.000865,0.000402
2026-08-22T20:21:36,Time-25,Defects4J,LR,bug_report,8.584,2776.815,0.000937,0.000435
2026-08-22T20:21:36,Time-26,Defects4J,LR,bug_report,4.761,1667.541,0.000522,0.000243
2026-08-22T20:21:36,Time-27,Defects4J,LR,bug_report,8.661,2722.981,0.000949,0.000441
2026-08-22T20:21:36,Time-3,Defects4J,LR,bug_report,7.98,2603.884,0.000878,0.000408
2026-08-22T20:21:36,Time-4,Defects4J,LR,bug_report,6.266,2130.231,0.000692,0.000321
2026-08-22T20:21:36,Time-5,Defects4J,LR,bug_report,7.376,2444.105,0.00081,0.000376
2026-08-22T20:21:36,Time-6,Defects4J,LR,bug_report,9.104,2944.038,0.001003,0.000466
2026-08-22T20:21:36,Time-7,Defects4J,LR,bug_report,9.497,3042.23,0.001036,0.000481
2026-08-22T20:21:36,Time-8,Defects4J,LR,bug_report,6.716,2157.324,0.000738,0.000343
2026-08-22T20:21:36,Time-9,Defects4J,LR,bug_report,5.744,1964.568,0.000628,0.000292
